{"val_accuracy":0.9089,"epoch":15,"val_loss":0.31191759748973297,"train_loss":0.32322650099827926,"train_accuracy":0.9068,"_runtime":18,"_timestamp":1.7727802198054686e+09,"_step":14,"_wandb":{"runtime":18}}