{"val_accuracy":0.969,"_step":14,"train_accuracy":0.9799333333333333,"_timestamp":1.772739567757832e+09,"epoch":15,"train_loss":0.06290636799877097,"val_loss":0.17224763202151655,"_runtime":39,"_wandb":{"runtime":39}}