{"val_loss":0.05711129336594119,"epoch":15,"_wandb":{"runtime":15},"val_accuracy":0.9637,"_timestamp":1.772727611956882e+09,"train_accuracy":0.9816,"_step":14,"train_loss":0.027414868808621616,"_runtime":15}