{"val_accuracy":0.1135,"_runtime":41,"_timestamp":1.772786988660955e+09,"epoch":15,"train_accuracy":0.11236666666666667,"val_loss":0.8996893795397507,"train_loss":0.8997147383045969,"_wandb":{"runtime":41},"_step":14}