{"_step":14,"epoch":15,"val_loss":0.8996793083192947,"_timestamp":1.772780174495064e+09,"val_accuracy":0.1135,"_wandb":{"runtime":34},"train_loss":0.8997145279092462,"_runtime":34,"train_accuracy":0.11236666666666667}