{"epoch":10,"val_loss":2.1892733026207645,"train_accuracy":0.3811,"train_loss":2.1924517161477106,"_step":9,"val_accuracy":0.3961,"_runtime":28,"_timestamp":1.7725785266827443e+09,"_wandb":{"runtime":28}}