{"epoch":15,"_step":14,"train_accuracy":0.9721833333333333,"val_accuracy":0.9532,"_wandb":{"runtime":15},"train_loss":0.10402040215515057,"val_loss":0.16989750394975717,"_timestamp":1.772695990926119e+09,"_runtime":15}