{"train_accuracy":0.1085,"val_accuracy":0.1135,"_runtime":11,"_step":9,"epoch":10,"_wandb":{"runtime":11},"train_loss":2.3023271196742097,"val_loss":2.3023930672145254,"_timestamp":1.7725809284287388e+09}