{"train_accuracy":0.11175,"val_loss":0.8997609494876834,"val_accuracy":0.1135,"train_loss":0.8997676047146486,"_timestamp":1.772577332405315e+09,"epoch":10,"_step":9,"_wandb":{"runtime":11},"_runtime":11}