{"_wandb":{"runtime":58},"_runtime":58,"val_loss":0.8997307297354052,"train_loss":0.8997517034988584,"train_accuracy":0.11188333333333333,"epoch":15,"_timestamp":1.7727283028504033e+09,"_step":14,"val_accuracy":0.1135}