{"_wandb":{"runtime":12},"val_accuracy":0.8392,"train_loss":0.27175674907580355,"_timestamp":1.772580290222925e+09,"train_accuracy":0.8111666666666667,"val_loss":0.26614229141119683,"_step":9,"epoch":10,"_runtime":12}