{"train_loss":0.044971315053783226,"val_loss":0.15038115423332105,"val_accuracy":0.9752,"_timestamp":1.772533782272436e+09,"_step":9,"_wandb":{"runtime":17},"_runtime":17,"epoch":10}