{"val_accuracy":0.9081,"epoch":15,"train_accuracy":0.9065166666666666,"_step":14,"val_loss":0.14063265022761437,"_wandb":{"runtime":21},"train_loss":0.14415707924092647,"_runtime":21,"_timestamp":1.7727869288142593e+09}