{"_runtime":8,"_timestamp":1.772703162064901e+09,"_wandb":{"runtime":8},"train_loss":0.8997164133513228,"train_accuracy":0.11236666666666667,"_step":14,"epoch":15,"val_loss":0.8996921826177174,"val_accuracy":0.1135}