{"val_loss":0.36451096261573124,"val_accuracy":0.9013,"_timestamp":1.7725663326673717e+09,"train_accuracy":0.8955833333333333,"train_loss":0.37773855346757557,"_step":9,"epoch":10,"_wandb":{"runtime":8},"_runtime":8}