{"_step":14,"_wandb":{"runtime":24},"_runtime":24,"train_accuracy":0.9597333333333333,"_timestamp":1.7727295965593693e+09,"train_loss":0.1889711450374028,"val_loss":0.27248889945642735,"val_accuracy":0.949,"epoch":15}