{"train_loss":0.8996031275396504,"val_loss":0.8995848792279805,"epoch":15,"_runtime":15,"train_accuracy":0.11236666666666667,"val_accuracy":0.1135,"_wandb":{"runtime":15},"_timestamp":1.7727653120433993e+09,"_step":14}