{"sigmoid_first_layer_grad_norm":2.3162046847055e-06,"_timestamp":1.772694415458387e+09,"_step":11,"network_depth":7,"relu_first_layer_grad_norm":1.5405764263644919,"_wandb":{"runtime":0},"_runtime":0}