{"_wandb":{"runtime":17},"val_loss":0.8994559239243793,"val_accuracy":0.1135,"_step":14,"train_accuracy":0.11236666666666667,"_runtime":17,"_timestamp":1.772732749720072e+09,"epoch":15,"train_loss":0.8994746103987638}