{"val_loss":0.1756775799388941,"_wandb":{"runtime":22},"_step":14,"_runtime":22,"train_accuracy":0.9622333333333334,"_timestamp":1.7727029564989114e+09,"val_accuracy":0.9536,"train_loss":0.11281242194785353,"epoch":15}