{"train_accuracy":0.7515,"_wandb":{"runtime":76},"val_loss":1.017161906027555,"_step":14,"train_loss":0.815437924709277,"_timestamp":1.7727317401910276e+09,"val_accuracy":0.749,"epoch":15,"_runtime":76}