{"val_accuracy":0.1135,"train_loss":0.8998620532458304,"_runtime":29,"_timestamp":1.772782535954543e+09,"epoch":15,"train_accuracy":0.1101,"val_loss":0.8997982804598335,"_wandb":{"runtime":29},"_step":14}