{"val_accuracy":0.9507,"epoch":15,"val_loss":0.07778595766645922,"train_loss":0.06213801534577038,"train_accuracy":0.9586333333333333,"_runtime":25,"_step":14,"_timestamp":1.7727606049805093e+09,"_wandb":{"runtime":25}}