{"train_accuracy":0.10518333333333334,"_timestamp":1.772581184951927e+09,"_step":9,"_wandb":{"runtime":14},"val_loss":2.303472199815341,"epoch":10,"val_accuracy":0.0982,"_runtime":14,"train_loss":2.3037214112985325}