{"_wandb":{"runtime":17},"train_loss":0.8936918034330191,"val_loss":0.8936164142399134,"_timestamp":1.772702414254178e+09,"val_accuracy":0.3335,"train_accuracy":0.32311666666666666,"_step":14,"_runtime":17,"epoch":15}