{"val_accuracy":0.962,"_runtime":26,"epoch":8,"val_loss":0.16521515552306487,"train_accuracy":0.9704166666666667,"_wandb":{"runtime":26},"_timestamp":1.7720988353835506e+09,"_step":7,"train_loss":0.09246819739504816}