{"epoch":15,"train_loss":2.301162591751036,"val_accuracy":0.1135,"_runtime":61,"_wandb":{"runtime":61},"_timestamp":1.7727778579275699e+09,"train_accuracy":0.11236666666666667,"val_loss":2.300999766034231,"_step":14}