{"val_accuracy":0.1135,"train_loss":0.8997553643773353,"train_accuracy":0.1123,"epoch":15,"_timestamp":1.7727799186686244e+09,"_runtime":25,"_wandb":{"runtime":25},"_step":14,"val_loss":0.8997216106280089}