{"val_loss":0.08019762997024564,"val_accuracy":0.9764,"train_loss":0.015115145519124297,"_step":9,"epoch":10,"_wandb":{"runtime":60},"_timestamp":1.7721386410527265e+09,"train_accuracy":0.9962333333333333,"_runtime":60}