{"_wandb":{"runtime":47},"_step":14,"_runtime":47,"train_loss":2.3020230240759716,"val_loss":2.30148657495408,"val_accuracy":0.1135,"_timestamp":1.7727777775150387e+09,"train_accuracy":0.10806666666666667,"epoch":15}