{"val_accuracy":0.9261,"train_loss":0.273091010289046,"train_accuracy":0.9229833333333334,"_timestamp":1.7721338735875535e+09,"val_loss":0.2720340998771784,"_wandb":{"runtime":9},"epoch":10,"_runtime":9,"_step":9}