{"_timestamp":1.772096653310752e+09,"train_loss":0.11774370763160083,"_step":9,"epoch":10,"val_accuracy":0.9601,"_runtime":9,"train_accuracy":0.9641,"_wandb":{"runtime":9},"val_loss":0.1289996155888035}