{"_wandb":{"runtime":23},"train_loss":0.05310449102202944,"_timestamp":1.7725866856123736e+09,"val_loss":0.06237065133079436,"_step":9,"val_accuracy":0.9602,"_runtime":23,"train_accuracy":0.9632666666666667,"epoch":10}