{"_step":9,"val_loss":0.10246847365917122,"epoch":10,"train_loss":0.04233497454170492,"val_accuracy":0.9733,"train_accuracy":0.9832333333333333,"_wandb":{"runtime":32},"_timestamp":1.772575522705055e+09,"_runtime":32}