{"epoch":10,"val_accuracy":0.1135,"_step":9,"train_accuracy":0.11228333333333333,"train_loss":0.8997393443863684,"_wandb":{"runtime":62},"_timestamp":1.7725655936753554e+09,"val_loss":0.8997404967477247,"_runtime":62}