{"_runtime":18,"val_accuracy":0.9714,"epoch":10,"val_loss":0.04590077575585123,"_wandb":{"runtime":18},"_step":9,"train_accuracy":0.9830833333333333,"_timestamp":1.7725732303365684e+09,"train_loss":0.024231066194904612}