{"epoch":5,"_step":4,"val_accuracy":0.9756,"_timestamp":1.7721049708291554e+09,"train_accuracy":0.9836333333333334,"_runtime":51,"val_loss":0.08623197435210911,"train_loss":0.04001657124670413,"_wandb":{"runtime":51}}