{"epoch":10,"train_accuracy":0.1044,"val_accuracy":0.1135,"_runtime":92,"val_loss":2.3080638222633656,"_timestamp":1.7725733588706818e+09,"_step":9,"train_loss":2.308101274721056,"_wandb":{"runtime":92}}