{"val_accuracy":0.9443,"train_accuracy":0.94445,"_runtime":20,"_step":14,"val_loss":0.08837136095937775,"_wandb":{"runtime":20},"train_loss":0.0855269930352267,"_timestamp":1.7726961168822758e+09,"epoch":15}