{"train_loss":0.010563451200320694,"val_loss":0.04320071687293315,"val_accuracy":0.9737,"_wandb":{"runtime":24},"_runtime":24,"epoch":15,"train_accuracy":0.9945,"_step":14,"_timestamp":1.7727839469933243e+09}