{"val_accuracy":0.9761,"_timestamp":1.7721411043294616e+09,"epoch":10,"train_accuracy":0.9900166666666667,"_wandb":{"runtime":36},"val_loss":0.08404436906033952,"train_loss":0.025867804041873485,"_step":9,"_runtime":36}