{"val_accuracy":0.9334,"_wandb":{"runtime":24},"_step":9,"epoch":10,"train_accuracy":0.9298,"val_loss":0.11872703934312738,"_timestamp":1.7725777555014129e+09,"_runtime":24,"train_loss":0.11294124508033816}