{"val_loss":0.1617694108375622,"_step":9,"_wandb":{"runtime":18},"epoch":10,"_runtime":18,"val_accuracy":0.9529,"train_loss":0.15582666460329514,"train_accuracy":0.9530833333333333,"_timestamp":1.7721371829752612e+09}