{"_runtime":13,"train_loss":0.16674774949246565,"_step":9,"epoch":10,"val_accuracy":0.9408,"_timestamp":1.772564834063854e+09,"train_accuracy":0.9516833333333333,"val_loss":0.19515268193282384,"_wandb":{"runtime":13}}