{"train_loss":2.3011605747792583,"_timestamp":1.7727288662481923e+09,"_step":14,"val_accuracy":0.1135,"epoch":15,"train_accuracy":0.11236666666666667,"val_loss":2.301016837258086,"_wandb":{"runtime":27},"_runtime":27}