{"_step":14,"val_loss":0.39690545771354396,"epoch":15,"_wandb":{"runtime":26},"_runtime":26,"val_accuracy":0.8924,"_timestamp":1.7727800646701221e+09,"train_loss":0.412494667165955,"train_accuracy":0.8876166666666667}