{"_timestamp":1.7721138588643978e+09,"_wandb":{"runtime":78},"val_loss":2.3022473356924675,"train_loss":2.302568564587836,"_step":4,"train_accuracy":0.10895,"epoch":5,"_runtime":78,"val_accuracy":0.101}