{"_step":9,"train_loss":0.06821103357939093,"epoch":10,"_timestamp":1.7721118644317067e+09,"train_accuracy":0.9748833333333333,"_runtime":27,"val_loss":0.14267388937224326,"_wandb":{"runtime":27},"val_accuracy":0.9674}