{"val_accuracy":0.1135,"train_accuracy":0.1117,"val_loss":0.8998438879761216,"_timestamp":1.7727814917191036e+09,"train_loss":0.8998213750726144,"_runtime":24,"epoch":15,"_wandb":{"runtime":24},"_step":14}