{"train_loss":0.14037554665286328,"_wandb":{"runtime":9},"val_loss":0.1853823975730016,"_step":4,"epoch":5,"train_accuracy":0.9556166666666667,"_runtime":9,"val_accuracy":0.9522,"_timestamp":1.7721125749516604e+09}