{"_runtime":22,"_step":14,"epoch":15,"train_loss":2.3015602160827795,"_timestamp":1.7727291289744456e+09,"val_loss":2.3014278725442376,"val_accuracy":0.1135,"train_accuracy":0.10968333333333333,"_wandb":{"runtime":22}}