{"_step":4,"train_loss":0.14667244305142757,"_wandb":{"runtime":13},"_runtime":13,"val_accuracy":0.9448,"train_accuracy":0.95295,"val_loss":0.22742145230220912,"epoch":5,"_timestamp":1.7721060806459289e+09}