{"_runtime":44,"val_loss":2.3028873532997673,"val_accuracy":0.1032,"_step":14,"epoch":15,"train_accuracy":0.107,"_wandb":{"runtime":44},"train_loss":2.3036085567165436,"_timestamp":1.7727727340855324e+09}