{"_runtime":29,"_step":9,"train_loss":2.301715690082404,"_wandb":{"runtime":29},"_timestamp":1.7720994616306307e+09,"val_loss":2.3011176464981755,"val_accuracy":0.1135,"train_accuracy":0.11018333333333333,"epoch":10}