{"_runtime":11,"_timestamp":1.7726965218871458e+09,"val_loss":0.182891598242288,"train_loss":0.17554129490118145,"val_accuracy":0.9488,"_wandb":{"runtime":11},"epoch":15,"train_accuracy":0.9496666666666667,"_step":14}