{"_runtime":124,"epoch":15,"train_loss":0.45559813112905373,"val_loss":0.5199222203508068,"val_accuracy":0.8165,"_timestamp":1.7721263969923947e+09,"_step":14,"_wandb":{"runtime":124}}