{"_runtime":32,"val_loss":0.06126807575754656,"val_accuracy":0.9605,"_step":14,"epoch":15,"_wandb":{"runtime":32},"_timestamp":1.7727023047020442e+09,"train_loss":0.04795228862257834,"train_accuracy":0.96915}