{"_step":14,"epoch":15,"train_loss":0.045166187858448795,"val_loss":0.07739130524192481,"val_accuracy":0.9766,"_wandb":{"runtime":52},"_timestamp":1.7727642129275398e+09,"train_accuracy":0.9866666666666667,"_runtime":52}