{"_wandb":{"runtime":12},"_step":14,"epoch":15,"train_accuracy":0.9342166666666667,"val_loss":0.22902295061001837,"train_loss":0.22609845804919157,"_runtime":12,"val_accuracy":0.9348,"_timestamp":1.7726969125886729e+09}