{"val_loss":0.18222246113268403,"train_loss":0.1635232221249192,"_runtime":24,"epoch":10,"val_accuracy":0.9469,"_wandb":{"runtime":24},"_step":9,"_timestamp":1.772580539763797e+09,"train_accuracy":0.95015}