{"val_loss":0.8990384728710096,"train_accuracy":0.11325,"val_accuracy":0.1135,"_runtime":16,"epoch":10,"_timestamp":1.772581792177834e+09,"_wandb":{"runtime":16},"train_loss":0.8991256297180172,"_step":9}