{"_timestamp":1.772584200797242e+09,"train_loss":2.3013691660724165,"_wandb":{"runtime":38},"train_accuracy":0.11236666666666667,"val_accuracy":0.1135,"_runtime":38,"_step":9,"epoch":10,"val_loss":2.300922667303607}