{"val_loss":0.8999760059732136,"_step":9,"train_loss":0.8999771429269346,"_runtime":11,"train_accuracy":0.11236666666666667,"_wandb":{"runtime":11},"val_accuracy":0.1135,"_timestamp":1.7725803395854042e+09,"epoch":10}