{"_runtime":7,"_timestamp":1.7725682421326597e+09,"val_accuracy":0.1135,"_wandb":{"runtime":7},"train_accuracy":0.11236666666666667,"epoch":10,"val_loss":2.3009837134901967,"_step":9,"train_loss":2.301147842508279}