{"val_accuracy":0.9692,"train_loss":0.060474316319417264,"train_accuracy":0.9801666666666666,"_runtime":46,"_wandb":{"runtime":46},"val_loss":0.11238340128562675,"_timestamp":1.772777633965776e+09,"_step":14,"epoch":15}