{"_wandb":{"runtime":44},"train_accuracy":0.92235,"val_accuracy":0.9145,"epoch":15,"train_loss":0.29186762377450276,"_step":14,"_runtime":44,"val_loss":0.3432654577408876,"_timestamp":1.7727713150016942e+09}