{"_timestamp":1.7727595656544256e+09,"epoch":15,"val_loss":1.8084,"_runtime":17,"train_accuracy":0.09863333333333334,"_step":14,"_wandb":{"runtime":17},"train_loss":1.8027333333333324,"val_accuracy":0.0958}