{"train_accuracy":0.11236666666666667,"train_loss":2.302178339982139,"val_accuracy":0.1135,"_step":4,"epoch":5,"_runtime":4,"val_loss":2.3021568711568716,"_timestamp":1.7721127057462296e+09,"_wandb":{"runtime":4}}