{"_wandb":{"runtime":12},"train_loss":2.8098256388783907,"train_accuracy":0.11006666666666666,"_timestamp":1.7725867120848687e+09,"val_loss":2.817413095747583,"_runtime":12,"val_accuracy":0.1505,"_step":9,"epoch":10}