{"_timestamp":1.7721015250450172e+09,"_wandb":{"runtime":47},"_step":4,"epoch":5,"train_loss":0.21511874641826334,"_runtime":47,"train_accuracy":0.9325,"val_loss":0.22564515399619645,"val_accuracy":0.9352}