{"_wandb":{"runtime":18},"train_accuracy":0.11236666666666667,"_step":14,"train_loss":0.8997121544400359,"_runtime":18,"val_loss":0.8996844805015837,"epoch":15,"_timestamp":1.772703136555904e+09,"val_accuracy":0.1135}