{"_wandb":{"runtime":39},"val_accuracy":0.0974,"_step":14,"train_loss":2.3030312109940376,"val_loss":2.3028549191338787,"_runtime":39,"epoch":15,"train_accuracy":0.10965,"_timestamp":1.7727375844475038e+09}