{"_timestamp":1.7721379513604674e+09,"_wandb":{"runtime":17},"val_accuracy":0.9607,"epoch":5,"train_loss":0.11310737116117853,"_runtime":17,"val_loss":0.12756013045499456,"_step":4,"train_accuracy":0.9637666666666667}