{"_runtime":21,"_timestamp":1.7726943442441776e+09,"_step":9,"epoch":10,"train_loss":0.19476060524721633,"val_loss":0.19343869793916238,"val_accuracy":0.9418,"_wandb":{"runtime":21}}