{"val_loss":0.0435554918898366,"_runtime":25,"_timestamp":1.7727612955384984e+09,"val_accuracy":0.9716,"_step":14,"train_accuracy":0.9889666666666667,"train_loss":0.019296260185927994,"_wandb":{"runtime":25},"epoch":15}