{"val_loss":2.301171027254645,"_timestamp":1.7725739640098088e+09,"val_accuracy":0.1135,"_wandb":{"runtime":16},"train_loss":2.30127135770008,"train_accuracy":0.11236666666666667,"_runtime":16,"epoch":10,"_step":9}