{"_wandb":{"runtime":0},"_runtime":0,"sigmoid_first_layer_grad_norm":2.4346712150192637e-06,"_timestamp":1.7725376181811957e+09,"_step":11,"network_depth":7,"relu_first_layer_grad_norm":2.291709579835191e-08}