{"val_accuracy":0.9482,"epoch":15,"_runtime":35,"_wandb":{"runtime":35},"train_accuracy":0.9551333333333333,"val_loss":0.5205444991680626,"_timestamp":1.7727832484283016e+09,"train_loss":0.39191134238259223,"_step":14}