{"_runtime":13,"train_loss":0.06074774803261903,"val_accuracy":0.9747,"_wandb":{"runtime":13},"train_accuracy":0.9776666666666667,"_timestamp":1.7721064041577532e+09,"_step":4,"epoch":5,"val_loss":0.08451873719301886}