{"_runtime":35,"train_accuracy":0.12243333333333334,"_wandb":{"runtime":35},"_step":9,"val_loss":2.2792826069502565,"epoch":10,"train_loss":2.2800500539541013,"val_accuracy":0.1136,"_timestamp":1.772576110708795e+09}