{"_runtime":52,"epoch":10,"val_loss":0.07329074002994118,"_timestamp":1.7725691853546646e+09,"_wandb":{"runtime":52},"train_accuracy":0.99075,"val_accuracy":0.9786,"_step":9,"train_loss":0.021956923274602476}