{"_timestamp":1.7721308752969537e+09,"train_accuracy":0.7406666666666667,"_wandb":{"runtime":16},"epoch":10,"train_loss":0.7088920782411382,"_runtime":16,"val_loss":0.7232272671576376,"val_accuracy":0.7713,"_step":9}