{"train_accuracy":0.11236666666666667,"_wandb":{"runtime":25},"_step":9,"val_accuracy":0.1135,"train_loss":0.8997168923229394,"_runtime":25,"epoch":10,"val_loss":0.8996892977347012,"_timestamp":1.772570470639286e+09}