{"_step":14,"val_loss":0.1237546301196901,"epoch":15,"val_accuracy":0.9194,"_timestamp":1.7727598911284173e+09,"_runtime":29,"train_accuracy":0.9188166666666666,"train_loss":0.12271314272935681,"_wandb":{"runtime":29}}