{"_wandb":{"runtime":25},"_runtime":25,"val_accuracy":0.1028,"train_accuracy":0.1008,"epoch":10,"val_loss":1.794399956419747,"train_loss":1.7911666230330214,"_timestamp":1.772586593627321e+09,"_step":9}