{"_runtime":0,"neuron_4_grad":0.030863359000304645,"neuron_2_grad":0.05100912467587755,"neuron_3_grad":0.02318114631370742,"neuron_5_grad":0.02203296049875711,"neuron_1_grad":0.02948653006436597,"_step":0,"_wandb":{"runtime":0},"iteration":49,"_timestamp":1.7725621556922266e+09}