{"_wandb":{"runtime":29},"val_accuracy":0.9552,"epoch":5,"_timestamp":1.7721326610868711e+09,"_runtime":29,"_step":4,"train_loss":0.14714134412702556,"train_accuracy":0.9541,"val_loss":0.15445784716167824}