{"_step":14,"_wandb":{"runtime":13},"epoch":15,"val_accuracy":0.9647,"_timestamp":1.7727329091926265e+09,"train_loss":0.05467682377608037,"_runtime":13,"train_accuracy":0.9809666666666667,"val_loss":0.12179960076262683}