{"_timestamp":1.7725763416008716e+09,"epoch":10,"_wandb":{"runtime":31},"train_accuracy":0.11236666666666667,"val_accuracy":0.1135,"_runtime":31,"_step":9,"train_loss":2.301160732344212,"val_loss":2.3010596697609027}