{"_runtime":38,"epoch":15,"train_loss":2.3019286964897705,"_step":14,"train_accuracy":0.11236666666666667,"_timestamp":1.7727810659991465e+09,"val_loss":2.3020895433542696,"_wandb":{"runtime":38},"val_accuracy":0.1135}