{"_timestamp":1.772577182708977e+09,"train_loss":0.12390110228018686,"train_accuracy":0.9182666666666667,"_runtime":8,"val_loss":0.12052873133786124,"val_accuracy":0.923,"_step":9,"epoch":10,"_wandb":{"runtime":8}}