{"_step":14,"val_loss":0.9000402828174828,"_runtime":91,"epoch":15,"train_accuracy":0.10723333333333333,"val_accuracy":0.1135,"_wandb":{"runtime":91},"_timestamp":1.7727848493430674e+09,"train_loss":0.9001549788751819}