{"epoch":15,"train_loss":2.301171127783696,"_timestamp":1.7727759586766014e+09,"_step":14,"train_accuracy":0.11236666666666667,"val_accuracy":0.1135,"_wandb":{"runtime":40},"_runtime":40,"val_loss":2.3010931308121045}