{"train_accuracy":0.9756333333333334,"_timestamp":1.7725761785835686e+09,"train_loss":0.03949820804337951,"_wandb":{"runtime":52},"val_loss":0.06066720330608671,"_step":9,"epoch":10,"_runtime":52,"val_accuracy":0.9633}