{"_step":9,"epoch":10,"_wandb":{"runtime":17},"val_accuracy":0.1135,"train_accuracy":0.11178333333333333,"_runtime":17,"_timestamp":1.7725758342746115e+09,"train_loss":0.8997522524658953,"val_loss":0.8997535778845984}