{"train_loss":1.8025666664046005,"val_accuracy":0.098,"_runtime":35,"train_accuracy":0.10278333333333334,"epoch":10,"val_loss":1.8039999997381684,"_step":9,"_wandb":{"runtime":35},"_timestamp":1.7725801833394766e+09}