{"_step":14,"train_loss":0.33553746318488603,"val_loss":0.3261953935307537,"epoch":15,"val_accuracy":0.9041,"_wandb":{"runtime":38},"_timestamp":1.772696574864613e+09,"train_accuracy":0.9023166666666667,"_runtime":38}