{"_runtime":12,"val_loss":0.8944552714616227,"train_loss":0.894604036630777,"_wandb":{"runtime":12},"epoch":15,"_step":14,"_timestamp":1.7727678492417638e+09,"train_accuracy":0.12073333333333333,"val_accuracy":0.1336}