{"val_loss":0.09352486422215518,"_timestamp":1.7727015843031054e+09,"train_loss":0.027135214080193273,"_runtime":20,"_wandb":{"runtime":20},"train_accuracy":0.9921666666666666,"val_accuracy":0.9738,"_step":14,"epoch":15}