{"train_accuracy":0.9143833333333333,"_step":9,"_runtime":23,"_wandb":{"runtime":23},"_timestamp":1.7725780614778829e+09,"epoch":10,"val_loss":0.2841109965635648,"train_loss":0.2942126288324484,"val_accuracy":0.9193}