{"val_loss":0.09437300259263166,"_step":14,"train_accuracy":0.9900333333333333,"_timestamp":1.7727253094459097e+09,"epoch":15,"val_accuracy":0.9727,"_runtime":45,"train_loss":0.03106864792076921,"_wandb":{"runtime":45}}