{"_wandb":{"runtime":9},"val_loss":0.8937899987944822,"train_loss":0.8711007388662217,"_timestamp":1.7725866145885575e+09,"_runtime":9,"_step":9,"epoch":10,"train_accuracy":0.69915,"val_accuracy":0.7088}