{"val_loss":0.06686186650230802,"val_accuracy":0.9796,"_timestamp":1.772107533361885e+09,"train_loss":0.014426955604121893,"_runtime":24,"_step":9,"train_accuracy":0.9949166666666667,"_wandb":{"runtime":24},"epoch":10}