{"_timestamp":1.7727828165650628e+09,"val_loss":0.08538326788958624,"train_accuracy":0.94655,"_wandb":{"runtime":36},"epoch":15,"train_loss":0.07931289555441501,"_step":14,"val_accuracy":0.9455,"_runtime":36}