{"_runtime":36,"val_loss":2.3014648841838676,"_timestamp":1.7727598388918095e+09,"train_accuracy":0.11236666666666667,"_step":14,"train_loss":2.3013997511213975,"val_accuracy":0.1135,"epoch":15,"_wandb":{"runtime":36}}