{"val_loss":0.13466573952083954,"_step":9,"val_accuracy":0.9779,"epoch":10,"_timestamp":1.772567700351265e+09,"train_loss":0.02214301051257671,"_wandb":{"runtime":40},"_runtime":40,"train_accuracy":0.98995}