{"train_accuracy":0.97915,"_wandb":{"runtime":33},"_timestamp":1.7721038606743367e+09,"val_loss":0.206186131589309,"_runtime":33,"val_accuracy":0.9697,"_step":4,"epoch":5,"train_loss":0.0873178924003271}