{"val_loss":0.1298443544481728,"train_accuracy":0.97305,"_wandb":{"runtime":41},"train_loss":0.08572834241078765,"_timestamp":1.7727703698230436e+09,"epoch":15,"_step":14,"_runtime":41,"val_accuracy":0.9648}