{"val_loss":0.1014678370232521,"epoch":15,"_wandb":{"runtime":43},"_runtime":43,"_step":14,"train_accuracy":0.9885333333333334,"val_accuracy":0.9734,"_timestamp":1.7726952934128866e+09,"train_loss":0.03274038366200173}