{"_timestamp":1.7725759788301868e+09,"train_loss":2.30144081990896,"val_accuracy":0.1135,"_runtime":8,"val_loss":2.3013392673296713,"_wandb":{"runtime":8},"train_accuracy":0.11225,"_step":9,"epoch":10}