{"epoch":5,"_wandb":{"runtime":19},"train_loss":0.0726288270898672,"val_loss":0.1284812698374386,"_step":4,"_runtime":19,"_timestamp":1.7721054146546767e+09,"val_accuracy":0.9684,"train_accuracy":0.9779666666666667}