{"_runtime":6,"_timestamp":1.772572422187759e+09,"val_loss":0.8996932381459148,"train_accuracy":0.11236666666666667,"_step":9,"val_accuracy":0.1135,"train_loss":0.8997149668336664,"epoch":10,"_wandb":{"runtime":6}}