{"_runtime":60,"val_accuracy":0.9743,"_timestamp":1.7721018046314557e+09,"_step":9,"epoch":10,"train_loss":0.038573184762782854,"val_loss":0.16365616048959358,"_wandb":{"runtime":60}}