{"val_loss":0.9180645717935647,"val_accuracy":0.6909,"_wandb":{"runtime":6},"train_loss":0.9158613846319905,"_step":9,"_timestamp":1.7725720875082111e+09,"epoch":10,"train_accuracy":0.5956833333333333,"_runtime":6}