{"_runtime":14,"first_layer_grad_norm":0.18581125659401093,"_timestamp":1.772111025714779e+09,"_step":2813,"step":2813,"_wandb":{"runtime":14}}