{"epoch":15,"train_accuracy":0.9501,"_wandb":{"runtime":14},"val_accuracy":0.9491,"_timestamp":1.772731221516822e+09,"_step":14,"train_loss":0.16966839372074216,"_runtime":14,"val_loss":0.17434137356656842}