{"_step":14,"val_loss":0.04530523594150869,"_wandb":{"runtime":38},"train_accuracy":0.98235,"_timestamp":1.7727856498692656e+09,"epoch":15,"_runtime":38,"val_accuracy":0.9707,"train_loss":0.026455870093088123}