{"_timestamp":1.772574708170907e+09,"train_accuracy":0.11231666666666666,"_step":9,"train_loss":0.8997725309945611,"_runtime":17,"_wandb":{"runtime":17},"val_loss":0.8997100610419687,"epoch":10,"val_accuracy":0.1135}