{"_wandb":{"runtime":19},"val_accuracy":0.9699,"train_loss":0.043293127756860644,"_runtime":19,"val_loss":0.11634146417568839,"epoch":15,"_timestamp":1.7727823680684934e+09,"_step":14,"train_accuracy":0.9819166666666667}