{"_runtime":21,"val_loss":0.10847724743386353,"_step":4,"train_loss":0.0416949457552045,"train_accuracy":0.9848833333333333,"_wandb":{"runtime":21},"epoch":5,"val_accuracy":0.9713,"_timestamp":1.7721060489627075e+09}