{"_runtime":7,"_step":9,"val_loss":0.8994264479398373,"train_accuracy":0.11236666666666667,"val_accuracy":0.1135,"_wandb":{"runtime":7},"_timestamp":1.7725665453534374e+09,"train_loss":0.8994555979157636,"epoch":10}