{"val_accuracy":0.9671,"train_accuracy":0.985,"_runtime":134,"_wandb":{"runtime":134},"epoch":10,"val_loss":0.2203184165826955,"_timestamp":1.772138313996703e+09,"_step":9,"train_loss":0.06371115180163232}