{"_wandb":{"runtime":32},"train_loss":2.3011339469542076,"val_accuracy":0.1135,"train_accuracy":0.11236666666666667,"_runtime":32,"epoch":15,"_step":14,"_timestamp":1.7727392943623948e+09,"val_loss":2.3009868090216523}