{"val_loss":0.7960064605372418,"train_accuracy":0.796,"epoch":10,"_timestamp":1.7725662221686122e+09,"val_accuracy":0.8109,"_step":9,"_wandb":{"runtime":15},"_runtime":15,"train_loss":0.8138975697950318}