{"neuron_3_grad":0.03291953262529376,"iteration":49,"neuron_1_grad":0.02118460526405147,"_step":0,"_runtime":0,"_timestamp":1.772722988441869e+09,"_wandb":{"runtime":0},"neuron_5_grad":0.033200596769631927,"neuron_4_grad":0.05492377900054908,"neuron_2_grad":0.04359100255524717}