{"train_accuracy":0.9863333333333333,"_wandb":{"runtime":11},"train_loss":0.030054554396089717,"val_loss":0.07658415604038825,"val_accuracy":0.976,"epoch":5,"_step":4,"_timestamp":1.772131682286041e+09,"_runtime":11}