{"val_accuracy":0.9408,"epoch":10,"_timestamp":1.7721354403169522e+09,"_step":9,"train_loss":0.20209849146470898,"_runtime":21,"val_loss":0.20434827373366668,"_wandb":{"runtime":21},"train_accuracy":0.9392833333333334}