{"val_loss":0.12198139898451696,"val_accuracy":0.9662,"_timestamp":1.7721140615516286e+09,"_wandb":{"runtime":13},"_runtime":13,"_step":9,"epoch":10,"train_loss":0.0494759367029611}