{"_runtime":44,"val_loss":0.8997076017050339,"epoch":15,"_wandb":{"runtime":44},"_step":14,"train_loss":0.8997114609019894,"val_accuracy":0.1135,"_timestamp":1.7727329756160164e+09,"train_accuracy":0.11103333333333333}