{"train_accuracy":0.9924166666666666,"_step":9,"_runtime":21,"epoch":10,"train_loss":0.050737695225164844,"_wandb":{"runtime":21},"_timestamp":1.7725404304158676e+09,"val_loss":0.17302643288714462,"val_accuracy":0.9685}