{"val_loss":0.10371583935558763,"_runtime":92,"train_loss":0.020171678171077657,"epoch":15,"val_accuracy":0.9748,"_wandb":{"runtime":92},"_timestamp":1.7727798664388826e+09,"_step":14,"train_accuracy":0.9915833333333334}