{"_timestamp":1.7725803183211026e+09,"train_accuracy":0.8877166666666667,"val_accuracy":0.8938,"val_loss":0.38378297092452557,"train_loss":0.40133374380313264,"_wandb":{"runtime":18},"_step":9,"_runtime":18,"epoch":10}