{
    "model_path": "best_model.npy",
    "dataset": "mnist",
    "loss": 0.08158881620704297,
    "accuracy": 0.9816,
    "precision": 0.9815628361974771,
    "recall": 0.9814855722205522,
    "f1_score": 0.9815128659688556
}