{
    "model_path": "best_model.npy",
    "dataset": "mnist",
    "loss": 0.10038294242657514,
    "accuracy": 0.9729,
    "precision": 0.9728869064335358,
    "recall": 0.9726142028307688,
    "f1_score": 0.9726786464048249
}