{
    "model_path": "best_model.npy",
    "dataset": "mnist",
    "loss": 0.11539934860315484,
    "accuracy": 0.974,
    "precision": 0.9739426727917238,
    "recall": 0.973933963349032,
    "f1_score": 0.9737640717016435
}