{"_timestamp":1.772571461080158e+09,"train_accuracy":0.11236666666666667,"val_accuracy":0.1135,"_wandb":{"runtime":15},"_runtime":15,"_step":9,"val_loss":0.8996917494534651,"epoch":10,"train_loss":0.899725504577799}