{"val_loss":0.17230490421077774,"epoch":15,"_step":14,"train_loss":0.17961009965659167,"train_accuracy":0.8808166666666667,"_timestamp":1.7726963912020016e+09,"_wandb":{"runtime":33},"val_accuracy":0.8869,"_runtime":33}