{"_timestamp":1.7725858071804938e+09,"_runtime":9,"val_accuracy":0.3322,"train_loss":0.8884576381491772,"train_accuracy":0.31735,"val_loss":0.8880507991085885,"epoch":10,"_step":9,"_wandb":{"runtime":9}}