{"val_loss":0.8997661395002362,"_wandb":{"runtime":37},"_runtime":37,"_timestamp":1.7727871981573029e+09,"epoch":15,"train_loss":0.8997804550197559,"train_accuracy":0.11236666666666667,"val_accuracy":0.1135,"_step":14}