{"train_accuracy":0.1105,"val_accuracy":0.1135,"_timestamp":1.7727615885005426e+09,"_runtime":33,"_step":14,"val_loss":2.3013373851572907,"epoch":15,"train_loss":2.3013206595241877,"_wandb":{"runtime":33}}