{"val_loss":2.301022388221171,"_wandb":{"runtime":16},"_step":14,"train_loss":2.301159210594159,"train_accuracy":0.11236666666666667,"_timestamp":1.772771579376482e+09,"epoch":15,"_runtime":16,"val_accuracy":0.1135}