{"train_accuracy":0.99315,"_wandb":{"runtime":102},"val_accuracy":0.9779,"train_loss":0.015952091584706146,"_timestamp":1.7720975835408087e+09,"_runtime":102,"_step":9,"epoch":10,"val_loss":0.08123512582599395}