{"_step":9,"_runtime":65,"epoch":10,"val_loss":0.8996832558655238,"_timestamp":1.7725699771498225e+09,"train_accuracy":0.11236666666666667,"val_accuracy":0.1135,"train_loss":0.8997120576196428,"_wandb":{"runtime":65}}