{"train_accuracy":0.10553333333333334,"_timestamp":1.772571119125725e+09,"epoch":10,"_wandb":{"runtime":121},"_runtime":121,"val_loss":2.304127576840783,"_step":9,"train_loss":2.304172824498205,"val_accuracy":0.0974}