{"train_loss":2.3014521219018858,"_wandb":{"runtime":46},"_step":9,"epoch":10,"val_accuracy":0.1135,"_runtime":46,"_timestamp":1.7725751243783114e+09,"train_accuracy":0.11236666666666667,"val_loss":2.3014706302647983}