{"val_loss":0.08853942991284487,"_wandb":{"runtime":147},"_step":9,"train_loss":0.058780805284801584,"val_accuracy":0.9732,"epoch":10,"_timestamp":1.772110405566678e+09,"_runtime":147,"train_accuracy":0.9815666666666667}