{"_step":14,"train_loss":2.301181334691085,"epoch":15,"train_accuracy":0.11236666666666667,"_wandb":{"runtime":36},"_runtime":36,"val_loss":2.30097036195328,"val_accuracy":0.1135,"_timestamp":1.772733307297331e+09}