{"val_accuracy":0.1135,"_timestamp":1.772572461222564e+09,"val_loss":0.89974341540276,"train_accuracy":0.1119,"_runtime":18,"_step":9,"epoch":10,"_wandb":{"runtime":18},"train_loss":0.8997539644778058}