{"_timestamp":1.7727312883834095e+09,"val_accuracy":0.9466,"train_loss":0.16836076666191946,"epoch":15,"_step":14,"val_loss":0.18472801997288754,"_runtime":11,"train_accuracy":0.9496833333333333,"_wandb":{"runtime":11}}