{"val_loss":0.08671419024154448,"train_accuracy":0.9522333333333334,"epoch":15,"val_accuracy":0.9478,"train_loss":0.07568908164291993,"_step":14,"_runtime":28,"_wandb":{"runtime":28},"_timestamp":1.7727376373664372e+09}