{"val_accuracy":0.1135,"train_loss":2.3011543086190818,"train_accuracy":0.11236666666666667,"epoch":10,"_timestamp":1.7725865023223283e+09,"_runtime":50,"val_loss":2.3010253197157073,"_step":9,"_wandb":{"runtime":50}}