{"_wandb":{"runtime":19},"_timestamp":1.7726954487911081e+09,"val_accuracy":0.9759,"_step":14,"epoch":15,"train_accuracy":0.9931833333333333,"train_loss":0.01724046947440932,"val_loss":0.0931464301797537,"_runtime":19}