{"val_loss":0.8997385519055977,"val_accuracy":0.1135,"_runtime":22,"_wandb":{"runtime":22},"_timestamp":1.7727014017940357e+09,"epoch":15,"train_loss":0.8997558561543684,"_step":14,"train_accuracy":0.11236666666666667}