{"_timestamp":1.7727224055733724e+09,"epoch":10,"val_loss":0.11539934860315484,"train_loss":0.03994047932702221,"_wandb":{"runtime":20},"val_accuracy":0.974,"_step":9,"train_accuracy":0.9871,"_runtime":20}