{"epoch":15,"_runtime":12,"_wandb":{"runtime":12},"train_loss":0.012197837698656046,"val_loss":0.09171209502188893,"_timestamp":1.7727660213494828e+09,"val_accuracy":0.9764,"_step":14,"train_accuracy":0.99685}