{"train_loss":0.4942853350107796,"_timestamp":1.7727020747409534e+09,"train_accuracy":0.8527,"val_loss":0.4858619631607018,"_wandb":{"runtime":28},"epoch":15,"_step":14,"val_accuracy":0.8594,"_runtime":28}