{"train_accuracy":0.10911666666666667,"_wandb":{"runtime":51},"_timestamp":1.7727668057197113e+09,"train_loss":2.3023392022984,"val_loss":2.301790899262555,"epoch":15,"_step":14,"val_accuracy":0.1032,"_runtime":51}