{"val_loss":1.3080962284510698,"_step":9,"_wandb":{"runtime":13},"val_accuracy":0.5152,"_runtime":13,"epoch":10,"train_loss":1.3054918670471476,"train_accuracy":0.52595,"_timestamp":1.7725852365612707e+09}