{"train_accuracy":0.11236666666666667,"val_loss":0.8996921086035149,"val_accuracy":0.1135,"_step":9,"epoch":10,"train_loss":0.8997164336683712,"_timestamp":1.772587047225432e+09,"_runtime":53,"_wandb":{"runtime":53}}