{"val_loss":2.3014785360533723,"val_accuracy":0.1135,"_step":14,"train_accuracy":0.11135,"_timestamp":1.7727245095252287e+09,"epoch":15,"_wandb":{"runtime":48},"train_loss":2.3017828789044317,"_runtime":48}