{"_timestamp":1.772573536836577e+09,"train_accuracy":0.11236666666666667,"_wandb":{"runtime":6},"train_loss":2.3011812640255065,"_step":9,"_runtime":6,"epoch":10,"val_loss":2.30107788616514,"val_accuracy":0.1135}