{"_wandb":{"runtime":74},"train_loss":11.359517092926389,"val_loss":11.369612932052364,"epoch":10,"val_accuracy":0.1135,"_timestamp":1.7725728352007892e+09,"_step":9,"train_accuracy":0.10195,"_runtime":74}