{"_wandb":{"runtime":67},"_runtime":67,"_step":4,"val_accuracy":0.9554,"train_loss":0.12583021880825246,"train_accuracy":0.9628333333333333,"val_loss":0.18816281480053934,"_timestamp":1.7721058873771057e+09,"epoch":5}