{"train_loss":0.42997370226633025,"_wandb":{"runtime":6},"_step":9,"epoch":10,"val_loss":0.4240250037457639,"val_accuracy":0.7106,"_runtime":6,"train_accuracy":0.6389,"_timestamp":1.7725852555186634e+09}