{"_wandb":{"runtime":21},"_runtime":21,"val_accuracy":0.9644,"_step":14,"train_loss":0.032360644060431994,"_timestamp":1.772697002945278e+09,"train_accuracy":0.9809833333333333,"epoch":15,"val_loss":0.055130277057370225}