{"train_loss":2.3011875018113264,"val_loss":2.30101929987311,"val_accuracy":0.1135,"_timestamp":1.7725806138987513e+09,"epoch":10,"_runtime":10,"_step":9,"train_accuracy":0.11236666666666667,"_wandb":{"runtime":10}}