{"_step":4,"epoch":5,"val_loss":0.1493158792251128,"val_accuracy":0.9664,"_runtime":66,"train_loss":0.09435536084709854,"_wandb":{"runtime":66},"train_accuracy":0.97275,"_timestamp":1.7721028994594605e+09}