{"val_accuracy":0.9638,"epoch":15,"val_loss":0.05611898106032829,"_wandb":{"runtime":23},"train_loss":0.036736484807592625,"_step":14,"_runtime":23,"train_accuracy":0.9741833333333333,"_timestamp":1.772774669636119e+09}