{"epoch":5,"_wandb":{"runtime":10},"relu_grad_norm":2.303173401353308,"val_accuracy":0.8974,"_timestamp":1.772561134014656e+09,"_runtime":10,"relu_activation_distribution":{"values":[3168,429,351,291,235,165,175,150,119,124,113,84,60,75,51,64,53,35,37,38,42,30,27,25,19,17,21,16,15,9,11,12,8,6,2,5,7,11,2,4,3,1,2,5,3,2,2,0,3,2,1,1,1,2,2,1,0,0,2,2,1,1,0,1],"bins":[0,0.13443116194815366,0.2688623238963073,0.403293485844461,0.5377246477926146,0.6721558097407683,0.806586971688922,0.9410181336370756,1.0754492955852293,1.209880457533383,1.3443116194815365,1.4787427814296903,1.613173943377844,1.7476051053259976,1.8820362672741513,2.016467429222305,2.1508985911704586,2.2853297531186123,2.419760915066766,2.5541920770149193,2.688623238963073,2.823054400911227,2.9574855628593806,3.0919167248075343,3.226347886755688,3.3607790487038414,3.495210210651995,3.629641372600149,3.7640725345483026,3.8985036964964563,4.03293485844461,4.167366020392763,4.301797182340917,4.436228344289071,4.570659506237225,4.705090668185378,4.839521830133532,4.973952992081686,5.108384154029839,5.242815315977992,5.377246477926146,5.5116776398743,5.646108801822454,5.780539963770607,5.914971125718761,6.049402287666915,6.183833449615069,6.318264611563222,6.452695773511376,6.587126935459529,6.721558097407683,6.8559892593558365,6.99042042130399,7.124851583252144,7.259282745200298,7.3937139071484514,7.528145069096605,7.662576231044759,7.797007392992913,7.9314385549410655,8.06586971688922,8.200300878837373,8.334732040785527,8.46916320273368,8.603594364681834],"_type":"histogram"},"dead_neuron_percentage":4.6875,"step":4689,"_step":4694,"train_loss":0.3868825492143667}