{"val_loss":0.09100176560965155,"_step":9,"train_loss":0.023589305687966747,"val_accuracy":0.9756,"_timestamp":1.772583874216535e+09,"train_accuracy":0.9889166666666667,"_wandb":{"runtime":65},"epoch":10,"_runtime":65}