{"_step":9,"val_accuracy":0.1135,"_runtime":8,"epoch":10,"val_loss":2.3020920811350005,"train_accuracy":0.11236666666666667,"_timestamp":1.7721076950820737e+09,"_wandb":{"runtime":8},"train_loss":2.3021187133457963}