{"_wandb":{"runtime":104},"val_loss":0.5734228857118447,"val_accuracy":0.8876,"_timestamp":1.7725832642361372e+09,"epoch":10,"_runtime":104,"_step":9,"train_loss":0.4813032823913597,"train_accuracy":0.9163333333333333}