{"val_accuracy":0.101,"_wandb":{"runtime":43},"_step":14,"_runtime":43,"train_accuracy":0.1006,"train_loss":1.7955958956562699,"_timestamp":1.7727655759454935e+09,"epoch":15,"val_loss":1.797995874673723}