{"_wandb":{"runtime":36},"val_accuracy":0.9728,"epoch":15,"_timestamp":1.77278232124152e+09,"_runtime":36,"train_loss":0.03816049443796099,"train_accuracy":0.9856666666666667,"val_loss":0.19010347404223668,"_step":14}