{"neuron_1_grad":0.04934340905059705,"_runtime":0,"_timestamp":1.7725479942529955e+09,"_wandb":{"runtime":0},"_step":0,"neuron_3_grad":0.020214738906876546,"neuron_4_grad":0.03328832042075987,"neuron_5_grad":0.05673897998611448,"iteration":49,"neuron_2_grad":0.01728004153069561}