{"epoch":15,"train_accuracy":0.10968333333333333,"val_accuracy":0.1135,"train_loss":0.9000004583868862,"val_loss":0.899813083845863,"_wandb":{"runtime":116},"_step":14,"_runtime":116,"_timestamp":1.7727346566434824e+09}