{"_wandb":{"runtime":14},"_runtime":14,"train_loss":0.037573586446574395,"train_accuracy":0.9882,"val_accuracy":0.9775,"epoch":10,"val_loss":0.07762849343748061,"_step":9,"_timestamp":1.772134142519415e+09}