{"val_loss":0.22660958095945472,"val_accuracy":0.935,"_wandb":{"runtime":33},"train_accuracy":0.9319333333333333,"train_loss":0.22767579384533315,"epoch":10,"_runtime":33,"_timestamp":1.7725662912363937e+09,"_step":9}