{"_timestamp":1.772731640916446e+09,"epoch":15,"train_accuracy":0.10483333333333333,"val_loss":0.8998423792580302,"_wandb":{"runtime":45},"val_accuracy":0.1135,"train_loss":0.899889138133526,"_step":14,"_runtime":45}