{"epoch":15,"val_loss":0.5076439330924322,"_step":14,"_wandb":{"runtime":48},"train_accuracy":0.5667,"_timestamp":1.772695188269949e+09,"train_loss":0.5127712708952462,"val_accuracy":0.6266,"_runtime":48}