{"_step":14,"val_loss":2.30399061414713,"_wandb":{"runtime":39},"_timestamp":1.77277678184837e+09,"_runtime":39,"val_accuracy":0.0982,"train_accuracy":0.10491666666666667,"epoch":15,"train_loss":2.3047113636589756}