{"_step":14,"epoch":15,"train_accuracy":0.9882333333333333,"val_loss":0.040356045563141194,"val_accuracy":0.9753,"_timestamp":1.772697039575207e+09,"train_loss":0.016176276608562086,"_wandb":{"runtime":24},"_runtime":24}