{"_wandb":{"runtime":66},"_runtime":66,"val_loss":0.11438805041274518,"val_accuracy":0.9654,"epoch":15,"train_loss":0.06138759309510129,"_timestamp":1.7727616746879961e+09,"_step":14,"train_accuracy":0.97785}