{"val_loss":0.18537130056804269,"val_accuracy":0.946,"_timestamp":1.7721016582459152e+09,"_step":9,"epoch":10,"_wandb":{"runtime":33},"_runtime":33,"train_loss":0.1833105397400125}