{"val_loss":0.13334679881110362,"train_accuracy":0.9632833333333334,"_wandb":{"runtime":50},"_step":9,"val_accuracy":0.9627,"train_loss":0.12148738187483753,"_timestamp":1.7721353984113426e+09,"_runtime":50,"epoch":10}