{"train_accuracy":0.11236666666666667,"_step":9,"val_accuracy":0.1135,"_timestamp":1.7725705923189652e+09,"epoch":10,"train_loss":2.301227330038173,"val_loss":2.3010162150881124,"_runtime":11,"_wandb":{"runtime":11}}