{"val_loss":2.2984857729612145,"val_accuracy":0.1135,"_runtime":11,"_wandb":{"runtime":11},"epoch":10,"train_loss":2.298629046617791,"_step":9,"_timestamp":1.7725650175249774e+09,"train_accuracy":0.11236666666666667}