{"_runtime":29,"epoch":15,"train_loss":0.2697225956903101,"val_loss":0.508059447162417,"val_accuracy":0.8672,"_timestamp":1.7725340459032643e+09,"_step":14,"_wandb":{"runtime":29}}