{"_runtime":34,"train_loss":0.1412616566695846,"val_loss":0.13723729360299367,"epoch":15,"train_accuracy":0.90865,"val_accuracy":0.9145,"_wandb":{"runtime":34},"_step":14,"_timestamp":1.7727381856670856e+09}