{"train_loss":0.02296903684445446,"train_accuracy":0.99305,"val_accuracy":0.9791,"_wandb":{"runtime":24},"epoch":10,"_timestamp":1.772107577415385e+09,"val_loss":0.06984765792699142,"_runtime":24,"_step":9}