{"val_accuracy":0.1135,"_step":14,"train_loss":0.8997475234231552,"_timestamp":1.7727760222560482e+09,"val_loss":0.8997294337375447,"_wandb":{"runtime":41},"epoch":15,"train_accuracy":0.11236666666666667,"_runtime":41}