{"train_accuracy":0.98355,"val_accuracy":0.9729,"train_loss":0.04945728605995911,"_wandb":{"runtime":11},"_timestamp":1.7725607314730809e+09,"epoch":10,"_runtime":11,"val_loss":0.10038294242657514,"_step":9}