{"_runtime":10,"_timestamp":1.7725797519218242e+09,"val_loss":0.06875667932309183,"val_accuracy":0.9558,"_wandb":{"runtime":10},"train_loss":0.05094557788264353,"epoch":10,"_step":9,"train_accuracy":0.9692}