{"_timestamp":1.7727773995087123e+09,"epoch":15,"_runtime":60,"val_accuracy":0.1135,"_wandb":{"runtime":60},"train_loss":0.8997119044839718,"val_loss":0.8996856392874195,"_step":14,"train_accuracy":0.11236666666666667}