{"val_loss":2.3014662385132176,"epoch":15,"train_loss":2.301534253618807,"_step":14,"_wandb":{"runtime":28},"_runtime":28,"val_accuracy":0.1135,"train_accuracy":0.11236666666666667,"_timestamp":1.772724673299392e+09}