{"_runtime":17,"val_loss":0.26938463068657853,"train_accuracy":0.9205,"_wandb":{"runtime":17},"_step":14,"val_accuracy":0.9218,"epoch":15,"_timestamp":1.7727779853050716e+09,"train_loss":0.27185885183948666}