{"_wandb":{"runtime":66},"epoch":10,"train_accuracy":0.8063166666666667,"val_accuracy":0.8644,"_step":9,"_runtime":66,"train_loss":0.471196932220601,"val_loss":0.5036719943659951,"_timestamp":1.7725719688190029e+09}