{"val_loss":1.0060605151357762,"val_accuracy":0.0974,"_step":14,"epoch":15,"train_accuracy":0.09981666666666666,"train_loss":1.0047363148790913,"_runtime":33,"_timestamp":1.7727634686054468e+09,"_wandb":{"runtime":33}}