{"val_loss":0.10163669851951077,"epoch":10,"train_loss":0.02020999142735762,"train_accuracy":0.9917166666666667,"_wandb":{"runtime":105},"val_accuracy":0.9758,"_runtime":105,"_step":9,"_timestamp":1.772103053664337e+09}