{"train_accuracy":0.09915,"val_loss":1.7982,"_step":14,"val_accuracy":0.1009,"epoch":15,"_timestamp":1.7726974824812663e+09,"_runtime":64,"_wandb":{"runtime":64},"train_loss":1.8017}