{"val_loss":2.3014131081156477,"_wandb":{"runtime":26},"_runtime":26,"_step":14,"train_accuracy":0.11236666666666667,"_timestamp":1.7727841804549847e+09,"epoch":15,"train_loss":2.3014852623218176,"val_accuracy":0.1135}