{"_wandb":{"runtime":81},"_timestamp":1.7725783440594614e+09,"train_accuracy":0.10343333333333334,"train_loss":2.306224066268081,"_runtime":81,"val_accuracy":0.1135,"epoch":10,"_step":9,"val_loss":2.305205609036343}