{"train_accuracy":0.9216,"epoch":15,"val_accuracy":0.9178,"val_loss":0.15869143940374242,"_wandb":{"runtime":67},"_runtime":67,"train_loss":0.15708976108095216,"_timestamp":1.7727342199325392e+09,"_step":14}