{"val_loss":2.3143711133634883,"_wandb":{"runtime":5},"train_accuracy":0.10348333333333333,"_timestamp":1.7721307929854085e+09,"_runtime":5,"train_loss":2.315798859952421,"_step":4,"val_accuracy":0.1009,"epoch":5}