{"_timestamp":1.7725366585567927e+09,"_step":5627,"_wandb":{"runtime":11},"_runtime":11,"step":5627,"first_layer_grad_norm":0.408479609812336}