{"_wandb":{"runtime":12},"train_loss":0.059099723345365264,"val_accuracy":0.9687,"epoch":10,"_timestamp":1.7720962523172746e+09,"train_accuracy":0.9784666666666667,"_runtime":12,"_step":9,"val_loss":0.1072472432145659}