{"_runtime":31,"_timestamp":1.7727816488714705e+09,"val_accuracy":0.9679,"epoch":15,"train_loss":0.06483039176624829,"train_accuracy":0.9775833333333334,"val_loss":0.12020390199533959,"_wandb":{"runtime":31},"_step":14}