{"train_loss":0.11559754678092998,"val_loss":0.16035869635616515,"_runtime":69,"_step":9,"train_accuracy":0.9670333333333333,"val_accuracy":0.9582,"_wandb":{"runtime":69},"epoch":10,"_timestamp":1.7721094566787019e+09}