{"epoch":15,"val_accuracy":0.1135,"val_loss":2.2970809664635286,"_timestamp":1.772782945621666e+09,"_wandb":{"runtime":18},"train_accuracy":0.11236666666666667,"_step":14,"train_loss":2.2972798113334014,"_runtime":18}