{"_runtime":24,"val_accuracy":0.9726,"_wandb":{"runtime":24},"_timestamp":1.7727602758964946e+09,"train_accuracy":0.9833833333333334,"epoch":15,"val_loss":0.0451194541093083,"_step":14,"train_loss":0.02162787301180854}