{"epoch":10,"train_loss":0.18502481267907903,"val_accuracy":0.8806,"_wandb":{"runtime":31},"train_accuracy":0.8674,"val_loss":0.17929107982902223,"_step":9,"_runtime":31,"_timestamp":1.7725815846596859e+09}