{"_runtime":43,"_wandb":{"runtime":43},"epoch":15,"_step":14,"train_accuracy":0.11088333333333333,"val_accuracy":0.1135,"_timestamp":1.7727340261909323e+09,"train_loss":2.3012392192797813,"val_loss":2.3010348951887263}