{"val_accuracy":0.9567,"train_loss":0.13970954346303105,"epoch":15,"train_accuracy":0.9583,"_runtime":25,"val_loss":0.14712495438528714,"_step":14,"_timestamp":1.7727341338553145e+09,"_wandb":{"runtime":25}}