{"val_loss":0.8994566673328221,"_step":14,"_wandb":{"runtime":25},"_runtime":25,"epoch":15,"train_accuracy":0.11236666666666667,"val_accuracy":0.1135,"_timestamp":1.772775679066599e+09,"train_loss":0.8994761161537926}