{"train_accuracy":0.11236666666666667,"_timestamp":1.7725738633911238e+09,"_runtime":17,"val_accuracy":0.1135,"epoch":10,"_wandb":{"runtime":17},"train_loss":2.297551985677418,"_step":9,"val_loss":2.2974096163319073}