{"_runtime":45,"val_accuracy":0.1135,"_wandb":{"runtime":45},"val_loss":0.897588928960217,"epoch":15,"_step":14,"train_loss":0.8976935025034463,"_timestamp":1.7727386585034015e+09,"train_accuracy":0.115}