{"_runtime":39,"_timestamp":1.772569618526562e+09,"val_accuracy":0.5546,"_step":9,"train_loss":0.6188598431614183,"val_loss":0.6138503090825478,"epoch":10,"train_accuracy":0.5005,"_wandb":{"runtime":39}}