{"_step":49,"neuron_1_grad":0.08694334775620899,"_wandb":{"runtime":0},"neuron_2_grad":-0.03693166204965012,"neuron_3_grad":0.08262198350173214,"neuron_4_grad":0.0879677547843742,"_timestamp":1.7721166520569687e+09,"neuron_5_grad":-0.05785358109733142,"_runtime":0,"step":49}