{"_wandb":{"runtime":51},"epoch":15,"val_accuracy":0.1009,"val_loss":2.304538312509602,"_timestamp":1.7727611917436726e+09,"_step":14,"train_loss":2.3046257474236636,"_runtime":51,"train_accuracy":0.10855}