{"_step":14,"_runtime":25,"train_accuracy":0.11236666666666667,"epoch":15,"val_loss":2.3010139838981365,"_wandb":{"runtime":25},"val_accuracy":0.1135,"train_loss":2.3011487889317475,"_timestamp":1.7727242557121944e+09}