{"epoch":10,"train_loss":0.048267141435218805,"_wandb":{"runtime":8},"_runtime":8,"val_loss":0.09897284734511705,"val_accuracy":0.9701,"_timestamp":1.7725389774256291e+09,"_step":9}