{"val_loss":0.14591403343223897,"val_accuracy":0.9558,"_wandb":{"runtime":35},"_step":9,"epoch":10,"train_accuracy":0.9627333333333333,"train_loss":0.1194619516588642,"_timestamp":1.7720962104173481e+09,"_runtime":35}