{"train_loss":0.8999102714090488,"_timestamp":1.7727822597413118e+09,"epoch":15,"train_accuracy":0.11236666666666667,"val_loss":0.8999055121771793,"val_accuracy":0.1135,"_step":14,"_wandb":{"runtime":26},"_runtime":26}