{"val_accuracy":0.9203,"epoch":15,"train_loss":0.1264352973884341,"_runtime":18,"val_loss":0.12466022566819152,"train_accuracy":0.9183166666666667,"_wandb":{"runtime":18},"_step":14,"_timestamp":1.7726971001753423e+09}