{"val_loss":0.2760605497010984,"train_accuracy":0.9172166666666667,"_runtime":40,"train_loss":0.28392199207423524,"_wandb":{"runtime":40},"val_accuracy":0.921,"epoch":10,"_timestamp":1.7725630322037024e+09,"_step":9}