{"val_loss":0.10007276070948574,"val_accuracy":0.9743,"_step":9,"train_accuracy":0.9876166666666667,"_wandb":{"runtime":12},"_runtime":12,"train_loss":0.035588488035808184,"_timestamp":1.7725598881897748e+09,"epoch":10}