{"epoch":15,"val_accuracy":0.1135,"val_loss":2.300997572332656,"_timestamp":1.772782201713482e+09,"_runtime":17,"train_accuracy":0.11236666666666667,"_step":14,"train_loss":2.3011819740616066,"_wandb":{"runtime":17}}