{"_wandb":{"runtime":26},"_step":14,"val_loss":0.06659247711455243,"epoch":15,"train_loss":0.05624554530216495,"train_accuracy":0.9605166666666667,"_runtime":26,"val_accuracy":0.9568,"_timestamp":1.772735348259111e+09}