{"train_accuracy":0.11236666666666667,"val_accuracy":0.1135,"_runtime":13,"_timestamp":1.7726959419337254e+09,"_step":14,"epoch":15,"_wandb":{"runtime":13},"val_loss":0.8996148933481564,"train_loss":0.8996568526461993}