{"_wandb":{"runtime":8},"step":4689,"train_loss":0.6031786017452815,"_step":4694,"epoch":5,"val_accuracy":0.8135,"relu_grad_norm":2.061430402639389,"_runtime":8,"dead_neuron_percentage":5.208333333333334,"_timestamp":1.7725384628788705e+09,"relu_activation_distribution":{"_type":"histogram","values":[3324,502,348,289,218,195,188,145,123,103,99,70,53,65,53,37,28,22,20,26,28,19,18,15,15,16,14,13,10,4,7,8,5,9,3,6,2,3,3,3,5,4,4,4,2,4,2,1,1,2,0,0,1,2,1,0,1,0,0,0,0,0,0,1],"bins":[0,0.1342474563231058,0.2684949126462116,0.4027423689693174,0.5369898252924232,0.671237281615529,0.8054847379386348,0.9397321942617407,1.0739796505848465,1.2082271069079522,1.342474563231058,1.476722019554164,1.6109694758772697,1.7452169322003754,1.8794643885234814,2.013711844846587,2.147959301169693,2.2822067574927987,2.4164542138159044,2.55070167013901,2.684949126462116,2.819196582785222,2.953444039108328,3.0876914954314336,3.2219389517545394,3.356186408077645,3.490433864400751,3.6246813207238566,3.758928777046963,3.8931762333700686,4.027423689693174,4.16167114601628,4.295918602339386,4.430166058662492,4.564413514985597,4.698660971308703,4.832908427631809,4.967155883954915,5.10140334027802,5.235650796601126,5.369898252924232,5.5041457092473385,5.638393165570444,5.77264062189355,5.906888078216656,6.0411355345397615,6.175382990862867,6.309630447185973,6.443877903509079,6.5781253598321845,6.71237281615529,6.846620272478396,6.980867728801502,7.1151151851246075,7.249362641447713,7.383610097770819,7.517857554093926,7.652105010417031,7.786352466740137,7.920599923063243,8.054847379386349,8.189094835709454,8.32334229203256,8.457589748355666,8.591837204678772]}}