{"_runtime":13,"_wandb":{"runtime":13},"train_loss":0.039524002712384806,"val_loss":0.09112020848526052,"val_accuracy":0.972,"train_accuracy":0.9872166666666666,"_timestamp":1.7721315186192374e+09,"epoch":10,"_step":9}