{"val_accuracy":0.1135,"train_accuracy":0.11236666666666667,"epoch":15,"_timestamp":1.7726962357179518e+09,"_wandb":{"runtime":19},"train_loss":0.8996486811320421,"val_loss":0.8996181936299148,"_runtime":19,"_step":14}