{"val_loss":0.06467260474012174,"val_accuracy":0.9627,"_wandb":{"runtime":92},"train_accuracy":0.96805,"_timestamp":1.7727754094134045e+09,"_runtime":92,"epoch":15,"_step":14,"train_loss":0.04832180698962911}