{"val_accuracy":0.1028,"_timestamp":1.7727859889048033e+09,"_step":14,"train_accuracy":0.10511666666666666,"val_loss":0.9010125495167493,"_wandb":{"runtime":55},"train_loss":0.900855328749143,"_runtime":55,"epoch":15}