{"_wandb":{"runtime":8},"_runtime":8,"step":5627,"first_layer_grad_norm":0.025841965682452332,"_timestamp":1.7725366766470747e+09,"_step":5627}