{"val_accuracy":0.1135,"train_loss":2.3011859924080733,"val_loss":2.3010477156732074,"_timestamp":1.77269673627269e+09,"_runtime":11,"epoch":15,"_wandb":{"runtime":11},"_step":14,"train_accuracy":0.11236666666666667}