{"val_loss":2.30099838081391,"_timestamp":1.772782479338771e+09,"_wandb":{"runtime":42},"_step":14,"epoch":15,"_runtime":42,"train_accuracy":0.11236666666666667,"val_accuracy":0.1135,"train_loss":2.301168123826212}