{"_wandb":{"runtime":23},"_runtime":23,"val_accuracy":0.1135,"train_loss":0.8995392523587303,"val_loss":0.8995238577678294,"_timestamp":1.77272471580304e+09,"epoch":15,"train_accuracy":0.11236666666666667,"_step":14}