{"_timestamp":1.7725800933298147e+09,"val_loss":0.899629039185974,"epoch":10,"_step":9,"val_accuracy":0.1753,"train_loss":0.8996216324303495,"train_accuracy":0.1715,"_wandb":{"runtime":12},"_runtime":12}