{"_step":14,"_wandb":{"runtime":81},"_runtime":81,"_timestamp":1.7727712489916883e+09,"train_loss":0.07723346570391812,"val_loss":0.08552720938235904,"train_accuracy":0.9480166666666666,"epoch":15,"val_accuracy":0.9448}