{"_runtime":23,"train_accuracy":0.9743,"val_loss":0.12818413282476726,"val_accuracy":0.9677,"_timestamp":1.7721373073716617e+09,"_wandb":{"runtime":23},"train_loss":0.09110020987741783,"_step":9,"epoch":10}