{"_timestamp":1.7727306335511978e+09,"train_loss":0.05422939377596163,"_step":14,"epoch":15,"val_loss":0.15873412896245026,"_wandb":{"runtime":39},"train_accuracy":0.9821666666666666,"_runtime":39,"val_accuracy":0.968}