{"_timestamp":1.7720960707627974e+09,"train_accuracy":0.91225,"val_accuracy":0.9178,"_step":9,"epoch":10,"train_loss":0.30234565198929514,"_runtime":10,"val_loss":0.28998466291614844,"_wandb":{"runtime":10}}