{"_wandb":{"runtime":38},"epoch":15,"val_accuracy":0.3847,"train_accuracy":0.3668666666666667,"_timestamp":1.772781261080074e+09,"_runtime":38,"val_loss":1.8493738583602022,"_step":14,"train_loss":1.8571979021180458}