{"_wandb":{"runtime":10},"_timestamp":1.7725864404899075e+09,"train_accuracy":0.95595,"epoch":10,"_runtime":10,"_step":9,"val_loss":0.1598463265399776,"train_loss":0.1479997523505818,"val_accuracy":0.955}