{"train_accuracy":0.9302166666666667,"_timestamp":1.7727387433856738e+09,"train_loss":0.13158092225635157,"val_loss":0.13984008082306015,"_step":14,"val_accuracy":0.9138,"_runtime":65,"_wandb":{"runtime":65},"epoch":15}