{"train_accuracy":0.9684833333333334,"_timestamp":1.772736268261521e+09,"train_loss":0.04601006253436774,"_step":14,"val_accuracy":0.9623,"_wandb":{"runtime":31},"epoch":15,"val_loss":0.062148252257596154,"_runtime":31}