{"val_loss":0.1884791052599796,"_step":4,"epoch":5,"_runtime":6,"val_accuracy":0.9427,"train_accuracy":0.9429666666666666,"_wandb":{"runtime":6},"_timestamp":1.7721082220630336e+09,"train_loss":0.18163752383521856}