{"_timestamp":1.7720956897909951e+09,"_wandb":{"runtime":15},"_step":4,"val_loss":0.21988670747404876,"epoch":5,"train_loss":0.16107189107147685,"val_accuracy":0.9452,"_runtime":15,"train_accuracy":0.9516}