{"_step":9,"epoch":10,"_wandb":{"runtime":14},"_runtime":14,"train_loss":0.8997918643047171,"_timestamp":1.7725868731302307e+09,"train_accuracy":0.11236666666666667,"val_loss":0.8997844753867444,"val_accuracy":0.1135}