{"train_accuracy":0.11236666666666667,"epoch":15,"train_loss":0.8998854022721178,"val_accuracy":0.1135,"_wandb":{"runtime":32},"_step":14,"val_loss":0.899879133443522,"_timestamp":1.772739693854069e+09,"_runtime":32}