{"val_accuracy":0.2316,"_timestamp":1.7725775532798517e+09,"_step":9,"epoch":10,"train_loss":0.8864441945762545,"train_accuracy":0.19866666666666666,"val_loss":0.8861215619531113,"_wandb":{"runtime":6},"_runtime":6}