{"epoch":15,"_runtime":70,"_step":14,"val_accuracy":0.1135,"train_accuracy":0.11236666666666667,"val_loss":0.8996768328197919,"_wandb":{"runtime":70},"_timestamp":1.772732419401979e+09,"train_loss":0.8997183863236584}