{"val_accuracy":0.8553,"_wandb":{"runtime":57},"_runtime":57,"_timestamp":1.7725624056446514e+09,"_step":14,"epoch":15,"train_loss":0.3643140987709275,"val_loss":0.410706113770848}