{"val_loss":2.300015946275071,"_timestamp":1.7727301104853992e+09,"val_accuracy":0.1135,"epoch":15,"_runtime":36,"train_loss":2.3004910826878855,"train_accuracy":0.11183333333333334,"_wandb":{"runtime":36},"_step":14}