{"_wandb":{"runtime":30},"_runtime":30,"_step":14,"epoch":15,"train_loss":0.12102728994309102,"val_loss":0.12780760230404672,"val_accuracy":0.924,"train_accuracy":0.9266666666666666,"_timestamp":1.7727788091812887e+09}