{"_timestamp":1.7721108944036174e+09,"val_accuracy":0.9786,"_step":9,"epoch":10,"_runtime":20,"val_loss":0.07829158238561562,"train_accuracy":0.9943333333333333,"train_loss":0.012688413771547814,"_wandb":{"runtime":20}}