{"val_accuracy":0.1135,"_wandb":{"runtime":109},"train_loss":2.3017592199718164,"_runtime":109,"train_accuracy":0.10813333333333333,"val_loss":2.301550733375964,"_step":9,"epoch":10,"_timestamp":1.7725676066791196e+09}