{"_wandb":{"runtime":7},"epoch":10,"train_accuracy":0.11236666666666667,"val_loss":0.8996768932161413,"_step":9,"_runtime":7,"_timestamp":1.7725671554741747e+09,"train_loss":0.899714318382641,"val_accuracy":0.1135}