{"val_loss":0.07184324849446211,"epoch":10,"train_accuracy":0.99645,"_step":9,"train_loss":0.011152230952704534,"_runtime":21,"val_accuracy":0.979,"_timestamp":1.7721314790422301e+09,"_wandb":{"runtime":21}}