{"_step":9,"train_accuracy":0.98195,"val_accuracy":0.9723,"epoch":10,"_runtime":24,"_timestamp":1.7725786359292579e+09,"train_loss":0.05298362445330116,"_wandb":{"runtime":24},"val_loss":0.08924504375378013}