{"train_loss":0.8998039961342478,"epoch":10,"val_loss":0.8997917006486449,"val_accuracy":0.1135,"_step":9,"train_accuracy":0.11236666666666667,"_wandb":{"runtime":72},"_timestamp":1.7725836027727602e+09,"_runtime":72}