{"_wandb":{"runtime":13},"val_loss":0.04519697069495649,"epoch":10,"train_loss":0.02684366891766367,"val_accuracy":0.972,"_timestamp":1.7725805916339345e+09,"_runtime":13,"train_accuracy":0.9783166666666666,"_step":9}