{"val_loss":0.07734660963538022,"train_accuracy":0.9528166666666666,"val_accuracy":0.9499,"epoch":15,"_wandb":{"runtime":20},"_step":14,"_runtime":20,"_timestamp":1.772697403248889e+09,"train_loss":0.0682026135264924}