{"_step":9,"_wandb":{"runtime":17},"_runtime":17,"epoch":10,"train_loss":0.19658695090161854,"val_loss":0.19690595075765183,"val_accuracy":0.94,"_timestamp":1.7727228586680079e+09}