{"epoch":10,"train_accuracy":0.9814833333333334,"_timestamp":1.7721314322097945e+09,"train_loss":0.04603551394869101,"_wandb":{"runtime":11},"val_accuracy":0.967,"_runtime":11,"val_loss":0.1256886039072467,"_step":9}