{"train_loss":2.301160602058553,"_timestamp":1.772570306986125e+09,"_step":9,"_runtime":28,"val_accuracy":0.1135,"train_accuracy":0.11236666666666667,"val_loss":2.3010224242979267,"epoch":10,"_wandb":{"runtime":28}}