{"val_loss":2.3035260295298334,"_wandb":{"runtime":51},"_timestamp":1.7727269883757627e+09,"val_accuracy":0.1028,"_runtime":51,"_step":14,"epoch":15,"train_loss":2.303604256749372,"train_accuracy":0.10581666666666667}