{"val_accuracy":0.1135,"_wandb":{"runtime":53},"epoch":5,"_timestamp":1.7721095553614433e+09,"train_accuracy":0.11236666666666667,"_step":4,"_runtime":53,"val_loss":2.2929457818089167,"train_loss":2.293252186783236}