{"_wandb":{"runtime":38},"train_loss":0.12313641004151339,"train_accuracy":0.96175,"val_loss":0.1350903565840823,"val_accuracy":0.9592,"_timestamp":1.772135627566229e+09,"epoch":10,"_step":9,"_runtime":38}