{"_runtime":54,"epoch":10,"_wandb":{"runtime":54},"val_loss":0.07991717213717894,"val_accuracy":0.9754,"train_accuracy":0.9961833333333333,"_timestamp":1.7721331426242933e+09,"_step":9,"train_loss":0.008736858859199653}