{"val_accuracy":0.9601,"train_loss":0.12251049084997387,"_step":14,"val_loss":0.13602761138708197,"epoch":15,"_runtime":13,"train_accuracy":0.9632166666666667,"_timestamp":1.7727602217815452e+09,"_wandb":{"runtime":13}}