{"_timestamp":1.7727731171445818e+09,"train_accuracy":0.11236666666666667,"val_loss":0.8996795079513429,"val_accuracy":0.1135,"_wandb":{"runtime":34},"epoch":15,"_runtime":34,"train_loss":0.8997123047196031,"_step":14}