{"val_accuracy":0.9774,"_step":9,"train_accuracy":0.9898666666666667,"_timestamp":1.7721363293757992e+09,"_wandb":{"runtime":34},"epoch":10,"_runtime":34,"val_loss":0.07031979165873452,"train_loss":0.030553496982272294}