{"val_loss":0.1846106677776373,"epoch":5,"train_loss":0.1809568034083643,"_wandb":{"runtime":16},"_step":4,"val_accuracy":0.9472,"_runtime":16,"train_accuracy":0.9453,"_timestamp":1.7721327401900446e+09}