{"val_loss":0.19414558804990545,"val_accuracy":0.9432,"_timestamp":1.7725337354605608e+09,"_runtime":13,"_wandb":{"runtime":13},"_step":9,"epoch":10,"train_loss":0.19519437513858182}