{"_step":14,"val_accuracy":0.1135,"train_loss":2.3011666759489366,"_wandb":{"runtime":30},"_timestamp":1.7727654369112728e+09,"epoch":15,"train_accuracy":0.11236666666666667,"val_loss":2.301036460863115,"_runtime":30}