{"val_loss":0.05981033783060787,"val_accuracy":0.9607,"_step":9,"_timestamp":1.772573768348774e+09,"epoch":10,"train_loss":0.04372140743941838,"_runtime":10,"_wandb":{"runtime":10},"train_accuracy":0.9682}