{"_timestamp":1.7727597263024702e+09,"train_loss":0.008953306590169333,"val_loss":0.036626788733578816,"train_accuracy":0.9940833333333333,"_step":14,"val_accuracy":0.9765,"_runtime":22,"_wandb":{"runtime":22},"epoch":15}