{"train_loss":0.07577477257875607,"val_loss":0.07972637070447162,"val_accuracy":0.9488,"_step":14,"_wandb":{"runtime":21},"train_accuracy":0.9510333333333333,"_timestamp":1.7727031035974166e+09,"epoch":15,"_runtime":21}