{"_wandb":{"runtime":6},"val_accuracy":0.1135,"_step":9,"val_loss":2.3010161286867272,"_timestamp":1.7725828389499116e+09,"_runtime":6,"train_loss":2.3011829146210423,"train_accuracy":0.11236666666666667,"epoch":10}