{"epoch":15,"_wandb":{"runtime":16},"train_loss":0.148416251880586,"train_accuracy":0.9563333333333334,"val_accuracy":0.952,"_step":14,"_timestamp":1.7727596775169685e+09,"val_loss":0.16613816791137245,"_runtime":16}