{"epoch":15,"train_accuracy":0.11236666666666667,"train_loss":0.8997126207938183,"_runtime":33,"_wandb":{"runtime":33},"val_accuracy":0.1135,"_timestamp":1.772779085059878e+09,"_step":14,"val_loss":0.8996820791026967}