{"val_loss":2.300935351341643,"_step":14,"train_loss":2.301188293757729,"_wandb":{"runtime":24},"_timestamp":1.7727656692063398e+09,"_runtime":24,"val_accuracy":0.1135,"train_accuracy":0.11236666666666667,"epoch":15}