{"_runtime":15,"_timestamp":1.7725343167831686e+09,"_step":5627,"step":5627,"first_layer_grad_norm":0.016481322188068904,"_wandb":{"runtime":15}}