{"_step":14,"_timestamp":1.7726967550764172e+09,"val_accuracy":0.3862,"train_loss":0.8910982399747335,"_wandb":{"runtime":7},"train_accuracy":0.3767,"val_loss":0.890781090039289,"_runtime":7,"epoch":15}