{"val_accuracy":0.9503,"_step":14,"train_accuracy":0.95945,"_timestamp":1.7727760802710643e+09,"train_loss":0.05939579444250831,"_wandb":{"runtime":39},"val_loss":0.07359387989393723,"epoch":15,"_runtime":39}