{"_wandb":{"runtime":11},"_runtime":11,"val_accuracy":0.9503,"_timestamp":1.7721333429734936e+09,"train_accuracy":0.9514833333333333,"val_loss":0.17073158140834885,"train_loss":0.15706160534741773,"_step":4,"epoch":5}