{"train_loss":0.02427602622167069,"_wandb":{"runtime":20},"epoch":15,"val_accuracy":0.9775,"_runtime":20,"train_accuracy":0.9904166666666666,"val_loss":0.07525041755559556,"_step":14,"_timestamp":1.7726966088228576e+09}