{"_wandb":{"runtime":12},"_step":9,"val_loss":0.2103888760126371,"val_accuracy":0.9436,"train_loss":0.17035411214739582,"train_accuracy":0.9483,"_timestamp":1.77257916498837e+09,"epoch":10,"_runtime":12}