{"val_accuracy":0.1135,"_step":9,"val_loss":2.301059457325179,"epoch":10,"train_loss":2.3012526099743407,"_timestamp":1.7725652108373253e+09,"_runtime":20,"_wandb":{"runtime":20},"train_accuracy":0.11236666666666667}