{"_runtime":100,"_step":14,"val_loss":0.4566449971278235,"epoch":15,"train_loss":0.46211706996445423,"val_accuracy":0.875,"train_accuracy":0.88195,"_wandb":{"runtime":100},"_timestamp":1.772783371681414e+09}