{"train_accuracy":0.98465,"_wandb":{"runtime":16},"_timestamp":1.7721093468710217e+09,"train_loss":0.03486334203361266,"_runtime":16,"epoch":5,"val_accuracy":0.9736,"_step":4,"val_loss":0.0872124578522556}