{"_step":9,"epoch":10,"train_accuracy":0.11236666666666667,"val_loss":2.301014512995413,"_wandb":{"runtime":6},"_timestamp":1.7725698584654813e+09,"train_loss":2.3011793811826053,"val_accuracy":0.1135,"_runtime":6}