{"val_loss":1.4524190663826255,"epoch":15,"train_loss":1.4619466413611804,"train_accuracy":0.43495,"val_accuracy":0.4944,"_timestamp":1.7726954185215251e+09,"_wandb":{"runtime":23},"_runtime":23,"_step":14}