{"_wandb":{"runtime":13},"train_loss":0.0955336624289567,"val_accuracy":0.9642,"_runtime":13,"epoch":10,"train_accuracy":0.97015,"val_loss":0.11833099750573409,"_step":9,"_timestamp":1.772136018544127e+09}