{"_wandb":{"runtime":35},"val_loss":0.2559463452860195,"_runtime":35,"train_loss":0.2145672284627169,"train_accuracy":0.9441333333333334,"_timestamp":1.7727818207656202e+09,"_step":14,"val_accuracy":0.9309,"epoch":15}