{"_step":14,"val_accuracy":0.2969,"val_loss":1.6462463512026235,"_runtime":93,"epoch":15,"train_loss":1.6527576423293897,"train_accuracy":0.2843833333333333,"_timestamp":1.7727646660812383e+09,"_wandb":{"runtime":93}}