{"_runtime":29,"val_accuracy":0.9602,"_wandb":{"runtime":29},"epoch":15,"_step":14,"train_accuracy":0.9728833333333333,"val_loss":0.06159008016906653,"_timestamp":1.772727665532429e+09,"train_loss":0.04514792582653474}