{"train_loss":0.8581044921242006,"val_accuracy":0.2141,"_wandb":{"runtime":6},"_runtime":6,"train_accuracy":0.21115,"_step":9,"val_loss":0.8569942366880172,"_timestamp":1.7725699019057295e+09,"epoch":10}