{"_timestamp":1.772581686098753e+09,"_wandb":{"runtime":20},"train_loss":2.302145000440564,"train_accuracy":0.11236666666666667,"val_loss":2.3021213990166536,"_runtime":20,"val_accuracy":0.1135,"_step":9,"epoch":10}