{"_step":9,"val_loss":0.1293474339267447,"epoch":10,"_wandb":{"runtime":112},"_runtime":112,"train_loss":0.040380131810740044,"val_accuracy":0.9696,"_timestamp":1.7721121966322927e+09,"train_accuracy":0.9877166666666667}