{"_runtime":6,"_timestamp":1.7726942530604439e+09,"_step":9,"epoch":10,"train_loss":0.03416948642896757,"val_loss":0.0509120895365095,"val_accuracy":0.9653,"_wandb":{"runtime":6}}