{"_wandb":{"runtime":32},"_timestamp":1.7727830030204024e+09,"epoch":15,"train_accuracy":0.10888333333333333,"val_loss":0.8997898667292309,"_runtime":32,"val_accuracy":0.1135,"_step":14,"train_loss":0.8998120408349634}