{"train_loss":0.06826185906232814,"train_accuracy":0.9843,"val_loss":0.13897216900770878,"_wandb":{"runtime":22},"epoch":15,"_timestamp":1.7727391987836215e+09,"val_accuracy":0.9617,"_runtime":22,"_step":14}