{"val_loss":0.12271957395068567,"val_accuracy":0.9632,"_timestamp":1.7721358096484625e+09,"train_loss":0.07225975759232843,"_step":9,"train_accuracy":0.9757833333333333,"_runtime":24,"_wandb":{"runtime":24},"epoch":10}