{"val_accuracy":0.1135,"_step":14,"train_loss":0.8997127154922807,"val_loss":0.8996828771301046,"_timestamp":1.7727715403201585e+09,"epoch":15,"train_accuracy":0.11236666666666667,"_wandb":{"runtime":59},"_runtime":59}