{"val_accuracy":0.9718,"train_loss":0.03390907515888739,"epoch":15,"_wandb":{"runtime":28},"_timestamp":1.7727665263172202e+09,"_runtime":28,"train_accuracy":0.9867333333333334,"val_loss":0.10616682263592993,"_step":14}