{"_timestamp":1.7725826449134204e+09,"val_accuracy":0.1135,"_runtime":7,"_step":9,"epoch":10,"train_loss":0.8998914927551038,"train_accuracy":0.11236666666666667,"val_loss":0.8998856695048737,"_wandb":{"runtime":7}}