{"_runtime":20,"_timestamp":1.7727257758244183e+09,"train_loss":0.1771695293369552,"epoch":15,"val_loss":0.17340808022535092,"val_accuracy":0.8881,"train_accuracy":0.8812333333333333,"_wandb":{"runtime":20},"_step":14}