{"val_loss":0.28159862135671637,"_wandb":{"runtime":12},"val_accuracy":0.9193,"_step":9,"train_loss":0.2841510495627934,"epoch":10,"train_accuracy":0.9167666666666666,"_runtime":12,"_timestamp":1.77258315027599e+09}