{"_step":14,"train_accuracy":0.8733666666666666,"val_loss":0.4812494449669297,"val_accuracy":0.8825,"train_loss":0.4990526172221132,"_wandb":{"runtime":32},"_timestamp":1.772726522887285e+09,"epoch":15,"_runtime":32}