{"_runtime":31,"epoch":15,"val_accuracy":0.9749,"_step":14,"train_accuracy":0.9895333333333334,"_wandb":{"runtime":31},"train_loss":0.02140076126242419,"_timestamp":1.772769103844052e+09,"val_loss":0.10434430191922034}