{"_runtime":22,"epoch":15,"train_loss":0.4600899700912295,"val_loss":0.44565140034163225,"train_accuracy":0.8659333333333333,"_wandb":{"runtime":22},"_step":14,"val_accuracy":0.8731,"_timestamp":1.7727670640473132e+09}