{"_timestamp":1.7725760402150695e+09,"val_accuracy":0.1135,"epoch":10,"_wandb":{"runtime":48},"train_accuracy":0.11248333333333334,"val_loss":0.8995412442559858,"_runtime":48,"train_loss":0.8995640163400519,"_step":9}