{"train_accuracy":0.10931666666666667,"val_loss":0.8999289407989494,"_step":14,"val_accuracy":0.1028,"_wandb":{"runtime":86},"epoch":15,"_runtime":86,"train_loss":0.8999802253164549,"_timestamp":1.7727819978256497e+09}