{"train_loss":0.037388745642451794,"train_accuracy":0.9821333333333333,"_wandb":{"runtime":6},"epoch":5,"_timestamp":1.7721086700281894e+09,"val_loss":0.0984469674153269,"_runtime":6,"_step":4,"val_accuracy":0.9748}