{"_wandb":{"runtime":15},"val_accuracy":0.9451,"train_accuracy":0.9442833333333334,"_step":14,"epoch":15,"train_loss":0.19288812910185835,"_runtime":15,"val_loss":0.19269189498020375,"_timestamp":1.7727309342783952e+09}