{"train_loss":0.8997379728366723,"val_accuracy":0.1135,"_runtime":21,"train_accuracy":0.11236666666666667,"epoch":15,"val_loss":0.8997160044147112,"_timestamp":1.7727680350258641e+09,"_step":14,"_wandb":{"runtime":21}}