{"_timestamp":1.772585124408808e+09,"train_loss":2.304816965593918,"val_loss":2.3050096913083507,"_step":9,"_runtime":13,"val_accuracy":0.1028,"epoch":10,"_wandb":{"runtime":13},"train_accuracy":0.1088}