{"_runtime":10,"val_loss":0.15419712000321606,"val_accuracy":0.9605,"_wandb":{"runtime":10},"epoch":10,"_timestamp":1.7725663548033206e+09,"_step":9,"train_loss":0.10384717338476021,"train_accuracy":0.9670833333333333}