{"_step":49,"_timestamp":1.7721166461170547e+09,"_wandb":{"runtime":0},"neuron_5_grad":0.0167052778505386,"step":49,"neuron_1_grad":0.0167052778505386,"_runtime":0,"neuron_2_grad":0.0167052778505386,"neuron_3_grad":0.0167052778505386,"neuron_4_grad":0.0167052778505386}