{"val_loss":2.3011833859522444,"_wandb":{"runtime":46},"val_accuracy":0.1135,"_timestamp":1.7727780990039077e+09,"epoch":15,"train_loss":2.301493743678487,"train_accuracy":0.1121,"_runtime":46,"_step":14}