{"train_loss":0.03245228669263606,"val_accuracy":0.969,"val_loss":0.04718142478989222,"train_accuracy":0.97655,"_runtime":53,"_step":9,"_timestamp":1.7725827673598247e+09,"epoch":10,"_wandb":{"runtime":53}}