{"train_loss":0.3712025993936913,"val_loss":0.4195838383182906,"_wandb":{"runtime":26},"_runtime":26,"val_accuracy":0.8532,"_timestamp":1.7725340779591024e+09,"_step":14,"epoch":15}