{"val_loss":0.14656959770404643,"_timestamp":1.77213585222733e+09,"train_loss":0.1306026335663216,"_wandb":{"runtime":23},"_step":9,"train_accuracy":0.96015,"epoch":10,"_runtime":23,"val_accuracy":0.9573}