{"epoch":15,"train_loss":0.23476268033023207,"val_loss":0.38887036491734467,"val_accuracy":0.8744,"_wandb":{"runtime":98},"_runtime":98,"_timestamp":1.7721265979193013e+09,"_step":14}