{"_step":9,"_runtime":21,"train_accuracy":0.9813666666666667,"epoch":10,"_timestamp":1.7721105170253687e+09,"_wandb":{"runtime":21},"train_loss":0.0486645260329797,"val_loss":0.12999876934039503,"val_accuracy":0.9682}