{"train_loss":0.4392732750508788,"val_accuracy":0.8775,"val_loss":0.46587051423890397,"_wandb":{"runtime":46},"train_accuracy":0.86735,"_runtime":46,"epoch":15,"_timestamp":1.7727655097302966e+09,"_step":14}