{"train_accuracy":0.9784833333333334,"_step":4,"epoch":5,"_runtime":5,"_timestamp":1.77210732267271e+09,"_wandb":{"runtime":5},"train_loss":0.05088308171223266,"val_loss":0.10546927945456877,"val_accuracy":0.9694}