{"val_accuracy":0.9289,"epoch":15,"train_loss":0.11615093005365842,"val_loss":0.12271648721975427,"_step":14,"train_accuracy":0.9289333333333334,"_timestamp":1.7727707178487473e+09,"_wandb":{"runtime":68},"_runtime":68}