{"_runtime":21,"_timestamp":1.7725671930576618e+09,"_wandb":{"runtime":21},"val_loss":0.90053055400359,"_step":9,"epoch":10,"train_accuracy":0.10711666666666667,"val_accuracy":0.101,"train_loss":0.9005143269644581}