{"_wandb":{"runtime":189},"train_loss":0.013316606535511876,"val_loss":0.08519020858828363,"train_accuracy":0.9963666666666666,"_runtime":189,"val_accuracy":0.975,"_step":9,"_timestamp":1.77210224061835e+09,"epoch":10}