{"_runtime":28,"_wandb":{"runtime":28},"train_loss":0.8997115098942267,"train_accuracy":0.11236666666666667,"epoch":15,"_step":14,"_timestamp":1.7727310450329928e+09,"val_loss":0.8996880990195532,"val_accuracy":0.1135}