{"_wandb":{"runtime":49},"train_accuracy":0.10981666666666667,"_runtime":49,"epoch":10,"val_accuracy":0.1028,"_step":9,"train_loss":0.899981084688996,"val_loss":0.9000064226592888,"_timestamp":1.7725707906786652e+09}