{"train_accuracy":0.9647333333333333,"_wandb":{"runtime":6},"val_accuracy":0.9612,"_timestamp":1.7725843127055533e+09,"train_loss":0.10311971604845786,"val_loss":0.13158979493686146,"epoch":10,"_step":9,"_runtime":6}