{"_step":9,"val_accuracy":0.0974,"epoch":10,"val_loss":2.904871809848191,"_runtime":33,"train_accuracy":0.10186666666666666,"_timestamp":1.7725842948481808e+09,"train_loss":2.9051037228204977,"_wandb":{"runtime":33}}