{"val_accuracy":0.1135,"_step":14,"epoch":15,"train_accuracy":0.11236666666666667,"_timestamp":1.7727016060981214e+09,"_runtime":8,"val_loss":0.89968310265484,"train_loss":0.8997105887586617,"_wandb":{"runtime":8}}