{"_wandb":{"runtime":8},"_runtime":8,"_timestamp":1.7725689284130895e+09,"val_accuracy":0.7887,"val_loss":0.7773975995577636,"epoch":10,"_step":9,"train_loss":0.786856711503406,"train_accuracy":0.76775}