{"_timestamp":1.7721409611632335e+09,"_wandb":{"runtime":20},"_runtime":20,"val_loss":0.15724801327444737,"val_accuracy":0.9557,"_step":4,"epoch":5,"train_loss":0.14963149283029645,"train_accuracy":0.9533166666666667}