{"_runtime":111,"epoch":10,"_wandb":{"runtime":111},"_step":9,"val_loss":0.0841214176877698,"_timestamp":1.7721010367296267e+09,"train_accuracy":0.9957666666666667,"val_accuracy":0.9771,"train_loss":0.011121756599694211}