{"_runtime":27,"_timestamp":1.7725747507046053e+09,"_wandb":{"runtime":27},"val_loss":0.14651075574236075,"epoch":10,"val_accuracy":0.9565,"_step":9,"train_loss":0.13862235841094928,"train_accuracy":0.9551333333333333}