{"epoch":5,"train_loss":0.13710875130836592,"val_accuracy":0.9535,"_runtime":4,"val_loss":0.15401097335263772,"_step":4,"_wandb":{"runtime":4},"train_accuracy":0.9561333333333333,"_timestamp":1.7721333695971167e+09}