{"val_loss":0.8996834612360847,"_step":14,"_timestamp":1.7727264655378413e+09,"_wandb":{"runtime":89},"val_accuracy":0.1135,"train_loss":0.8997115144762837,"train_accuracy":0.11236666666666667,"_runtime":89,"epoch":15}