{"val_accuracy":0.1135,"train_loss":2.3011901967187094,"val_loss":2.301031929989627,"_step":14,"train_accuracy":0.11236666666666667,"_runtime":63,"_timestamp":1.7727388268641648e+09,"epoch":15,"_wandb":{"runtime":63}}