{"epoch":15,"val_accuracy":0.9728,"train_loss":0.010625100106140106,"_step":14,"train_accuracy":0.9966,"val_loss":0.10797078374841,"_timestamp":1.7727271598696885e+09,"_wandb":{"runtime":27},"_runtime":27}