{"_timestamp":1.7726976664638784e+09,"_step":14,"_wandb":{"runtime":27},"_runtime":27,"train_loss":0.012615015582305674,"train_accuracy":0.99645,"epoch":15,"val_loss":0.10701539458169596,"val_accuracy":0.974}