{"epoch":10,"_wandb":{"runtime":57},"_step":9,"train_loss":0.8999619986044511,"train_accuracy":0.10803333333333333,"_runtime":57,"_timestamp":1.772567132584343e+09,"val_accuracy":0.1028,"val_loss":0.8999551944717369}