{"train_accuracy":0.9898,"val_loss":0.0928205174051395,"val_accuracy":0.9742,"epoch":10,"_wandb":{"runtime":33},"_step":9,"_runtime":33,"_timestamp":1.7721347855266652e+09,"train_loss":0.02890792157777421}