{"val_accuracy":0.101,"_runtime":35,"train_accuracy":0.11305,"_wandb":{"runtime":35},"_timestamp":1.7727703064344645e+09,"_step":14,"val_loss":2.297688488214687,"train_loss":2.2978557251244114,"epoch":15}