{"_timestamp":1.772780524209358e+09,"val_accuracy":0.1135,"epoch":15,"val_loss":0.8998702271676291,"_wandb":{"runtime":35},"train_accuracy":0.11236666666666667,"_runtime":35,"_step":14,"train_loss":0.8998767250923654}