{"_runtime":24,"val_accuracy":0.1135,"train_loss":0.8997091731298016,"_timestamp":1.7727272099595354e+09,"train_accuracy":0.11236666666666667,"val_loss":0.899678359832943,"_step":14,"epoch":15,"_wandb":{"runtime":24}}