{"val_accuracy":0.2787,"train_accuracy":0.15006666666666665,"_wandb":{"runtime":31},"_runtime":31,"val_loss":2.2821873503872743,"_step":14,"_timestamp":1.7727808071867661e+09,"train_loss":2.2826534016130555,"epoch":15}