{"val_loss":1.772999999999997,"val_accuracy":0.1135,"epoch":15,"_timestamp":1.7727251615547085e+09,"_step":14,"_wandb":{"runtime":58},"_runtime":58,"train_loss":1.7752666666666654,"train_accuracy":0.11236666666666667}