{"_wandb":{"runtime":49},"_runtime":49,"val_accuracy":0.7886,"_timestamp":1.7725664171714413e+09,"epoch":10,"train_accuracy":0.6205666666666667,"val_loss":0.7647810015603925,"_step":9,"train_loss":0.7608739786715919}