{"_step":14,"val_loss":0.042137579474246505,"_timestamp":1.77276538444187e+09,"train_loss":0.016448245049283782,"train_accuracy":0.9871666666666666,"val_accuracy":0.9765,"epoch":15,"_runtime":49,"_wandb":{"runtime":49}}