{"epoch":15,"train_accuracy":0.10411666666666666,"_step":14,"val_loss":2.328471294435189,"_timestamp":1.7727677596400156e+09,"train_loss":2.32858967018317,"_wandb":{"runtime":66},"val_accuracy":0.1009,"_runtime":66}