{"_wandb":{"runtime":48},"epoch":15,"train_loss":2.3028513444363994,"_step":14,"val_loss":2.30246395765906,"_timestamp":1.7727752970167317e+09,"val_accuracy":0.1135,"train_accuracy":0.10545,"_runtime":48}