{"_wandb":{"runtime":12},"val_loss":0.0796221868882441,"train_accuracy":0.9819,"_step":4,"val_accuracy":0.9756,"_timestamp":1.7721063037044587e+09,"epoch":5,"train_loss":0.0512447286437636,"_runtime":12}