{"val_accuracy":0.1135,"_step":9,"epoch":10,"train_loss":2.3011658039322627,"train_accuracy":0.11236666666666667,"val_loss":2.3010434331411034,"_timestamp":1.7725768477905614e+09,"_wandb":{"runtime":24},"_runtime":24}