{"_wandb":{"runtime":29},"_runtime":29,"val_loss":0.05017562815723734,"val_accuracy":0.9692,"train_accuracy":0.9880333333333333,"_step":14,"epoch":15,"_timestamp":1.7727834267883892e+09,"train_loss":0.02087510766692072}