{"val_accuracy":0.1135,"val_loss":0.899737370937881,"_timestamp":1.772782659507057e+09,"_step":14,"_wandb":{"runtime":45},"_runtime":45,"train_loss":0.8997538626738715,"epoch":15,"train_accuracy":0.11236666666666667}