{"_runtime":15,"_step":14,"train_accuracy":0.9480833333333333,"_timestamp":1.7727838141853573e+09,"train_loss":0.0838768747871193,"epoch":15,"val_loss":0.0933902243405924,"_wandb":{"runtime":15},"val_accuracy":0.9478}