{"_timestamp":1.7725337588767982e+09,"_step":9,"epoch":10,"train_loss":0.19644092664681734,"val_loss":0.19703481409301926,"val_accuracy":0.9432,"_wandb":{"runtime":19},"_runtime":19}