{"val_loss":2.3012030874009395,"_timestamp":1.7727705076524134e+09,"_runtime":47,"train_accuracy":0.11148333333333334,"train_loss":2.3012841515149183,"val_accuracy":0.1135,"_wandb":{"runtime":47},"epoch":15,"_step":14}