{"val_loss":0.06356869018594484,"val_accuracy":0.9592,"train_loss":0.053245514521575235,"_wandb":{"runtime":25},"_runtime":25,"epoch":10,"train_accuracy":0.9615333333333334,"_timestamp":1.7725758014655406e+09,"_step":9}