{"_runtime":10,"train_loss":0.18074589651004402,"val_loss":0.18947464407212028,"_wandb":{"runtime":10},"val_accuracy":0.9474,"_timestamp":1.7721318254901133e+09,"train_accuracy":0.9471833333333334,"_step":9,"epoch":10}