{"_wandb":{"runtime":31},"train_loss":0.18278866350305661,"val_accuracy":0.8918,"train_accuracy":0.8866166666666667,"epoch":15,"_timestamp":1.7727669269123278e+09,"_step":14,"val_loss":0.17708643871436086,"_runtime":31}