{"train_accuracy":0.9951166666666666,"val_loss":0.08607934358738453,"_step":9,"_timestamp":1.7721377016728644e+09,"_runtime":57,"train_loss":0.010160829546234061,"val_accuracy":0.9768,"epoch":10,"_wandb":{"runtime":57}}