{"val_loss":0.2069362662718792,"train_loss":0.20692099865309835,"train_accuracy":0.9403166666666667,"_runtime":28,"_wandb":{"runtime":28},"val_accuracy":0.94,"epoch":15,"_timestamp":1.7727621487274444e+09,"_step":14}