{"val_loss":0.11284751936560562,"val_accuracy":0.9757,"_step":14,"_timestamp":1.7727029216519763e+09,"train_loss":0.02248912505593562,"_runtime":14,"train_accuracy":0.9909,"epoch":15,"_wandb":{"runtime":14}}