{"val_loss":0.17684746253633005,"epoch":15,"val_accuracy":0.952,"_step":14,"train_accuracy":0.9561666666666667,"_timestamp":1.7727698969022133e+09,"train_loss":0.14405552445238856,"_wandb":{"runtime":16},"_runtime":16}