{"val_loss":0.28760430466038145,"train_accuracy":0.9142833333333333,"_step":9,"train_loss":0.29687122628287205,"_wandb":{"runtime":7},"val_accuracy":0.9184,"_timestamp":1.772574305563087e+09,"_runtime":7,"epoch":10}