{"_timestamp":1.77276818627172e+09,"train_loss":0.04772035075565371,"_runtime":22,"val_loss":0.13889185213680572,"_wandb":{"runtime":22},"_step":14,"train_accuracy":0.9813166666666666,"val_accuracy":0.9631,"epoch":15}