{"epoch":10,"train_loss":2.305205647827976,"val_accuracy":0.1135,"_runtime":11,"_wandb":{"runtime":11},"train_accuracy":0.10563333333333333,"_timestamp":1.7725781978631744e+09,"val_loss":2.3042595068224,"_step":9}