{"val_loss":0.20483455000112813,"_step":14,"train_loss":0.20626599823342534,"train_accuracy":0.94,"val_accuracy":0.942,"epoch":15,"_timestamp":1.7727672854861996e+09,"_wandb":{"runtime":23},"_runtime":23}