{"train_accuracy":0.10578333333333333,"_step":9,"val_accuracy":0.101,"_wandb":{"runtime":49},"train_loss":2.3033490718469847,"_timestamp":1.7725715234626603e+09,"_runtime":49,"epoch":10,"val_loss":2.303317038170976}