{"_runtime":21,"epoch":15,"_wandb":{"runtime":21},"train_loss":2.3021973436968675,"val_loss":2.302546697605483,"_timestamp":1.7727735056541054e+09,"_step":14,"val_accuracy":0.1028,"train_accuracy":0.11016666666666666}