{"val_accuracy":0.1135,"_wandb":{"runtime":15},"val_loss":0.8996771396034161,"_step":14,"train_loss":0.899704863511551,"_timestamp":1.7726953210129538e+09,"epoch":15,"_runtime":15,"train_accuracy":0.11236666666666667}