{"_step":9,"val_accuracy":0.9704,"train_accuracy":0.9822333333333333,"val_loss":0.13408082983343012,"_runtime":8,"train_loss":0.04790533316206014,"epoch":10,"_timestamp":1.7725668674233398e+09,"_wandb":{"runtime":8}}