{"val_loss":2.301031528234284,"val_accuracy":0.1135,"_wandb":{"runtime":5},"train_loss":2.301164349838578,"_timestamp":1.7725718204735987e+09,"_step":9,"_runtime":5,"epoch":10,"train_accuracy":0.11236666666666667}