{"_wandb":{"runtime":26},"train_loss":0.32948142120001156,"_step":9,"val_loss":0.3691960692841815,"train_accuracy":0.9140666666666667,"_runtime":26,"epoch":10,"val_accuracy":0.9114,"_timestamp":1.7725860272979994e+09}