{"epoch":15,"train_loss":0.3777023171339415,"val_loss":0.424965427025515,"_wandb":{"runtime":29},"_runtime":29,"val_accuracy":0.8501,"_timestamp":1.7727227111447926e+09,"_step":14}