{"_wandb":{"runtime":31},"epoch":10,"val_accuracy":0.6509,"train_accuracy":0.66645,"_timestamp":1.7725734023567722e+09,"val_loss":0.9875183194398743,"_step":9,"train_loss":0.9647283889438244,"_runtime":31}