{"_timestamp":1.7721112130689986e+09,"_step":5627,"_runtime":35,"_wandb":{"runtime":35},"step":5627,"first_layer_grad_norm":0.40908028306044325}