{"_step":14,"val_loss":0.11094140833857982,"_runtime":40,"epoch":15,"val_accuracy":0.9725,"_wandb":{"runtime":40},"train_accuracy":0.9887,"train_loss":0.03250002901070547,"_timestamp":1.772781882532603e+09}