{"_wandb":{"runtime":6},"_runtime":6,"epoch":10,"val_accuracy":0.1971,"_timestamp":1.7725862369408872e+09,"_step":9,"train_loss":0.8976715652293548,"val_loss":0.8975907833693797,"train_accuracy":0.18673333333333333}