{"val_loss":0.8990056116407126,"val_accuracy":0.1135,"train_loss":0.8989751805603309,"_timestamp":1.7726971646235788e+09,"_wandb":{"runtime":54},"epoch":15,"train_accuracy":0.117,"_runtime":54,"_step":14}