{"val_accuracy":0.1135,"val_loss":0.8996823335087087,"_runtime":42,"train_loss":0.8997096755567708,"train_accuracy":0.11236666666666667,"_step":14,"_wandb":{"runtime":42},"epoch":15,"_timestamp":1.7727272728593168e+09}