{"train_loss":0.06231597267267236,"val_loss":0.07007995031383071,"val_accuracy":0.9545,"_step":9,"_runtime":6,"epoch":10,"train_accuracy":0.9583833333333334,"_wandb":{"runtime":6},"_timestamp":1.7725723389255517e+09}