{"val_accuracy":0.1135,"_wandb":{"runtime":16},"_runtime":16,"epoch":10,"_step":9,"val_loss":2.301022468098897,"train_loss":2.301159505163188,"train_accuracy":0.11236666666666667,"_timestamp":1.7725762995447218e+09}