{"_wandb":{"runtime":45},"_runtime":45,"_step":14,"epoch":15,"train_loss":0.23602072614995703,"val_loss":0.40563695830645385,"val_accuracy":0.8755,"_timestamp":1.7725622899037175e+09}