{"_step":14,"val_loss":0.8997954001969237,"_wandb":{"runtime":53},"epoch":15,"train_loss":0.8998760472826187,"train_accuracy":0.10561666666666666,"val_accuracy":0.1135,"_runtime":53,"_timestamp":1.772779682924499e+09}