{"_runtime":51,"val_loss":0.18867058084923,"train_loss":0.1931928045886174,"_timestamp":1.772737293858947e+09,"epoch":15,"train_accuracy":0.8672833333333333,"_wandb":{"runtime":51},"_step":14,"val_accuracy":0.8749}