{"_runtime":7,"val_accuracy":0.8781,"train_loss":0.45819096509893636,"train_accuracy":0.8679,"_timestamp":1.7725662428626199e+09,"_step":9,"epoch":10,"val_loss":0.4405886306814139,"_wandb":{"runtime":7}}