{"_wandb":{"runtime":8},"_runtime":8,"val_accuracy":0.952,"_step":4,"epoch":5,"_timestamp":1.7721065263732324e+09,"val_loss":0.16056986447656527,"train_loss":0.1592593179036841,"train_accuracy":0.9500333333333333}