{"train_accuracy":0.1759,"_runtime":12,"_wandb":{"runtime":12},"epoch":10,"val_accuracy":0.1794,"_step":9,"_timestamp":1.772584764966193e+09,"train_loss":2.299888625844437,"val_loss":2.2998925546551354}