{"neuron_2_grad":0.03837243037618166,"_timestamp":1.7726944431217778e+09,"neuron_1_grad":0.03824540888307637,"neuron_4_grad":0.039882424380211716,"_runtime":0,"_step":0,"neuron_5_grad":0.0371945652721741,"_wandb":{"runtime":0},"iteration":49,"neuron_3_grad":0.030523974332888466}