{"epoch":10,"_wandb":{"runtime":8},"_runtime":8,"train_loss":0.032005218801794126,"val_loss":0.045176948529642075,"val_accuracy":0.97,"_timestamp":1.7725389907525578e+09,"_step":9}