{"_wandb":{"runtime":46},"_timestamp":1.772739069607282e+09,"_step":14,"val_accuracy":0.1135,"train_loss":2.301163453523155,"train_accuracy":0.11236666666666667,"val_loss":2.301041855718958,"epoch":15,"_runtime":46}