{"_wandb":{"runtime":14},"_runtime":14,"_timestamp":1.7727267533405921e+09,"train_accuracy":0.7652,"val_loss":1.1209565501637642,"val_accuracy":0.7794,"_step":14,"epoch":15,"train_loss":1.140342101244659}