{"epoch":10,"train_loss":1.2778634646561142,"val_loss":1.2581120640684509,"val_accuracy":0.7191,"_timestamp":1.7725337163389142e+09,"_wandb":{"runtime":12},"_runtime":12,"_step":9}