{"_wandb":{"runtime":25},"val_loss":0.13258500014062202,"_timestamp":1.7721394608154123e+09,"_step":9,"train_accuracy":0.9788833333333333,"train_loss":0.0578524224540842,"_runtime":25,"val_accuracy":0.9639,"epoch":10}