{"_step":4,"_wandb":{"runtime":31},"val_accuracy":0.9739,"epoch":5,"_runtime":31,"_timestamp":1.77210420954511e+09,"train_loss":0.06368558519003463,"train_accuracy":0.9802333333333333,"val_loss":0.11274179425923182}