{"epoch":10,"_wandb":{"runtime":64},"train_accuracy":0.8518166666666667,"_timestamp":1.772571403356135e+09,"train_loss":0.22457839850880917,"val_accuracy":0.8625,"_step":9,"_runtime":64,"val_loss":0.21723569132044795}