{"_wandb":{"runtime":48},"_step":14,"_runtime":48,"_timestamp":1.7727262531619503e+09,"epoch":15,"train_loss":2.301504757382284,"train_accuracy":0.11236666666666667,"val_loss":2.301434444247868,"val_accuracy":0.1135}