{"val_accuracy":0.9755,"_timestamp":1.77211063847926e+09,"_runtime":75,"_step":4,"train_loss":0.044832237191550814,"epoch":5,"val_loss":0.10001281782865584,"_wandb":{"runtime":75},"train_accuracy":0.9811666666666666}