{"val_loss":0.8999362696682565,"val_accuracy":0.1028,"epoch":15,"train_loss":0.8998938695860017,"_step":14,"_wandb":{"runtime":26},"train_accuracy":0.10721666666666667,"_timestamp":1.7727678113691132e+09,"_runtime":26}