{"val_loss":0.8999000234460763,"_timestamp":1.7725836286218603e+09,"train_loss":0.8999050503568556,"epoch":10,"_wandb":{"runtime":11},"train_accuracy":0.11236666666666667,"val_accuracy":0.1135,"_runtime":11,"_step":9}