{"train_accuracy":0.9396333333333333,"_wandb":{"runtime":15},"epoch":10,"val_loss":0.08970403590779515,"_timestamp":1.7725811258004944e+09,"_runtime":15,"val_accuracy":0.942,"_step":9,"train_loss":0.0879169884358102}