{"train_accuracy":0.11236666666666667,"val_loss":2.3010159253040774,"_timestamp":1.7727383947171483e+09,"_step":14,"epoch":15,"val_accuracy":0.1135,"_wandb":{"runtime":75},"train_loss":2.301161002012266,"_runtime":75}