{"train_accuracy":0.96435,"train_loss":0.11398406500363532,"_runtime":20,"val_accuracy":0.964,"_timestamp":1.7721107453502092e+09,"val_loss":0.1231374932610856,"_wandb":{"runtime":20},"_step":9,"epoch":10}