{"val_accuracy":0.1135,"_step":9,"_runtime":15,"_wandb":{"runtime":15},"train_accuracy":0.11236666666666667,"_timestamp":1.7725654782432778e+09,"epoch":10,"train_loss":2.3010406915432275,"val_loss":2.30092149868658}