{"val_loss":0.8980438535038693,"val_accuracy":0.1288,"_wandb":{"runtime":30},"_runtime":30,"_timestamp":1.7727628528034568e+09,"_step":14,"train_loss":0.8980496833306475,"train_accuracy":0.11986666666666666,"epoch":15}