{"train_loss":0.3501651540043112,"_wandb":{"runtime":22},"_step":9,"train_accuracy":0.7834333333333333,"val_accuracy":0.8162,"epoch":10,"_runtime":22,"val_loss":0.34230241995625155,"_timestamp":1.7725847417351975e+09}