{"_step":4,"_wandb":{"runtime":54},"_timestamp":1.77210580316441e+09,"train_accuracy":0.9653666666666667,"epoch":5,"val_loss":0.17694719444047677,"val_accuracy":0.9628,"train_loss":0.11493060794585291,"_runtime":54}