{"val_loss":0.8996841553208759,"_step":9,"train_accuracy":0.11236666666666667,"train_loss":0.8997118892015019,"_timestamp":1.7725670402731209e+09,"epoch":10,"val_accuracy":0.1135,"_wandb":{"runtime":9},"_runtime":9}