{"val_accuracy":0.9524,"_timestamp":1.7721348162451584e+09,"train_accuracy":0.95505,"train_loss":0.1530726384727801,"_wandb":{"runtime":9},"_runtime":9,"_step":9,"val_loss":0.16215858436256836,"epoch":10}