{"_wandb":{"runtime":24},"_step":14,"train_accuracy":0.9432833333333334,"val_loss":0.24467428853798812,"val_accuracy":0.9361,"epoch":15,"_runtime":24,"_timestamp":1.7727613390943756e+09,"train_loss":0.18753829333599045}