{"val_accuracy":0.291,"_wandb":{"runtime":49},"_timestamp":1.7727380441128864e+09,"train_loss":1.5758184218807154,"_step":14,"train_accuracy":0.33976666666666666,"_runtime":49,"epoch":15,"val_loss":1.5886671764467524}