{"_step":14,"train_accuracy":0.11236666666666667,"_timestamp":1.7727313287301657e+09,"epoch":15,"train_loss":0.8997119003088638,"_wandb":{"runtime":23},"val_accuracy":0.1135,"_runtime":23,"val_loss":0.899682651454199}