{"_wandb":{"runtime":37},"_step":9,"_runtime":37,"train_accuracy":0.11023333333333334,"epoch":10,"train_loss":2.3029375577228928,"val_loss":2.30207375837496,"_timestamp":1.7721307395771658e+09,"val_accuracy":0.1135}