{"_runtime":25,"train_accuracy":0.9698166666666667,"val_accuracy":0.9588,"val_loss":0.14206725787624502,"_wandb":{"runtime":25},"_timestamp":1.7727389950886388e+09,"_step":14,"train_loss":0.09124889972244744,"epoch":15}