{"_runtime":8,"train_accuracy":0.9691333333333333,"train_loss":0.040209811949291435,"val_accuracy":0.9636,"val_loss":0.05781071874519453,"epoch":15,"_timestamp":1.7726950748605456e+09,"_wandb":{"runtime":8},"_step":14}