{"val_loss":0.8998814630862023,"val_accuracy":0.1135,"_timestamp":1.7727362171898227e+09,"train_accuracy":0.10956666666666667,"_runtime":29,"_step":14,"_wandb":{"runtime":29},"epoch":15,"train_loss":0.8999748082196358}