{"val_loss":0.09554368366262181,"train_loss":0.06559425515384758,"_wandb":{"runtime":28},"_runtime":28,"epoch":10,"_step":9,"_timestamp":1.7725802245064783e+09,"train_accuracy":0.97795,"val_accuracy":0.9685}