{"train_accuracy":0.11236666666666667,"_timestamp":1.7727711461408179e+09,"_step":14,"train_loss":0.899679267996869,"val_accuracy":0.1135,"val_loss":0.8996505224897193,"_wandb":{"runtime":29},"_runtime":29,"epoch":15}