{"train_loss":2.301162744837733,"epoch":15,"_step":14,"_runtime":24,"val_accuracy":0.1135,"_wandb":{"runtime":24},"train_accuracy":0.11236666666666667,"_timestamp":1.7727872407309546e+09,"val_loss":2.3009734974181533}