{"_wandb":{"runtime":38},"train_loss":2.303278319583289,"_step":14,"_runtime":38,"train_accuracy":0.10786666666666667,"val_loss":2.3028952725539056,"epoch":15,"_timestamp":1.772695551004441e+09,"val_accuracy":0.101}