{"val_accuracy":0.8761,"_timestamp":1.7725861230859497e+09,"_wandb":{"runtime":19},"train_loss":0.2004061202032633,"train_accuracy":0.7541333333333333,"_step":9,"epoch":10,"_runtime":19,"val_loss":0.19765390487978382}