{"_wandb":{"runtime":65},"val_loss":0.09353478120128636,"_runtime":65,"_step":9,"train_accuracy":0.9810666666666666,"epoch":10,"val_accuracy":0.9716,"train_loss":0.049336807285198236,"_timestamp":1.7725793484837801e+09}