{"epoch":10,"val_accuracy":0.101,"_runtime":33,"train_accuracy":0.1083,"val_loss":2.302227852427643,"_timestamp":1.772577716934297e+09,"train_loss":2.302362866413019,"_wandb":{"runtime":33},"_step":9}