{"epoch":15,"train_accuracy":0.9058,"_timestamp":1.7727296436337252e+09,"train_loss":0.1478746958595234,"val_loss":0.1427903001802108,"_step":14,"val_accuracy":0.9088,"_wandb":{"runtime":23},"_runtime":23}