{"_wandb":{"runtime":28},"val_accuracy":0.9702,"_step":9,"_timestamp":1.772100856227482e+09,"_runtime":28,"epoch":10,"train_loss":0.02021966635454744,"val_loss":0.1045562149020476,"train_accuracy":0.99145}