{"epoch":10,"train_loss":0.06107617797151825,"val_accuracy":0.9719,"val_loss":0.09520742952037421,"_timestamp":1.7721322666354885e+09,"_wandb":{"runtime":12},"train_accuracy":0.9805,"_runtime":12,"_step":9}