{"val_accuracy":0.9582,"_runtime":24,"train_accuracy":0.96865,"_timestamp":1.7725850768593504e+09,"_step":9,"val_loss":0.19176550390686212,"_wandb":{"runtime":24},"epoch":10,"train_loss":0.12877839308226108}