{"val_loss":1.7729959633055297,"_timestamp":1.7725836525959992e+09,"_wandb":{"runtime":13},"train_accuracy":0.09888333333333334,"_runtime":13,"val_accuracy":0.1135,"_step":9,"epoch":10,"train_loss":1.7752490178388012}