{"train_loss":0.03967946121221955,"_step":4,"epoch":5,"train_accuracy":0.9859,"val_loss":0.09611062267458939,"val_accuracy":0.9718,"_wandb":{"runtime":10},"_timestamp":1.7721387975145235e+09,"_runtime":10}