{"train_accuracy":0.97555,"val_accuracy":0.9684,"val_loss":0.10500653734269809,"epoch":15,"_timestamp":1.7727019871547766e+09,"_wandb":{"runtime":21},"_step":14,"train_loss":0.07790376375038147,"_runtime":21}