{"epoch":10,"_wandb":{"runtime":126},"train_loss":0.06871050319586748,"val_loss":0.1675985590080435,"_step":9,"_runtime":126,"val_accuracy":0.9684,"train_accuracy":0.9819833333333333,"_timestamp":1.772111114930786e+09}