{"epoch":10,"_runtime":54,"_timestamp":1.7725669359833748e+09,"val_loss":2.301793315774443,"_wandb":{"runtime":54},"val_accuracy":0.1135,"_step":9,"train_accuracy":0.11098333333333334,"train_loss":2.3019011516455863}