{"_step":4,"_timestamp":1.7721087236328688e+09,"epoch":5,"train_accuracy":0.9428833333333333,"_wandb":{"runtime":5},"val_accuracy":0.9449,"val_loss":0.18949907430888693,"train_loss":0.1832357645703722,"_runtime":5}