{"epoch":15,"_timestamp":1.7727868889730794e+09,"val_loss":0.7950393214538338,"val_accuracy":0.2113,"_step":14,"train_loss":0.7979144579422937,"train_accuracy":0.21171666666666666,"_wandb":{"runtime":47},"_runtime":47}