{"_wandb":{"runtime":24},"train_loss":0.05214846638102896,"val_accuracy":0.9726,"train_accuracy":0.9790166666666666,"val_loss":0.09443735280019973,"_step":4,"_timestamp":1.7721042562318563e+09,"_runtime":24,"epoch":5}