{"epoch":15,"train_loss":0.044441486046187445,"val_accuracy":0.9624,"_wandb":{"runtime":29},"_timestamp":1.7727633465776021e+09,"train_accuracy":0.9724333333333334,"_step":14,"val_loss":0.0567440925796321,"_runtime":29}