{"val_loss":0.17502306314320407,"_step":4,"train_loss":0.1456556823561483,"_wandb":{"runtime":15},"epoch":5,"val_accuracy":0.9484,"_timestamp":1.7721127435710719e+09,"train_accuracy":0.9557666666666667,"_runtime":15}