{"_wandb":{"runtime":37},"train_accuracy":0.11236666666666667,"train_loss":0.8997149618047413,"val_loss":0.8996861921327085,"val_accuracy":0.1135,"_timestamp":1.7727781987660336e+09,"_step":14,"_runtime":37,"epoch":15}