{"val_loss":0.21212480431072359,"epoch":10,"train_loss":0.174295144864638,"_step":9,"_runtime":11,"val_accuracy":0.9428,"_timestamp":1.7725817105442803e+09,"_wandb":{"runtime":11},"train_accuracy":0.95195}