{"_step":14,"val_loss":0.9345146163579099,"train_loss":0.9337147618200363,"val_accuracy":0.1028,"_wandb":{"runtime":54},"_timestamp":1.7727724567604053e+09,"epoch":15,"train_accuracy":0.10191666666666667,"_runtime":54}