{"_runtime":70,"_timestamp":1.7725804485446777e+09,"val_loss":2.2793568438614544,"val_accuracy":0.1135,"_wandb":{"runtime":70},"train_loss":2.279496450483761,"train_accuracy":0.11236666666666667,"_step":9,"epoch":10}