{"epoch":15,"_runtime":32,"val_accuracy":0.9052,"_timestamp":1.772763616896813e+09,"train_accuracy":0.85885,"val_loss":0.4013847633860781,"_step":14,"_wandb":{"runtime":32},"train_loss":0.33931032386910814}