{"_wandb":{"runtime":16},"val_loss":0.2488734513485833,"val_accuracy":0.8589,"_step":14,"train_loss":0.25822692863687374,"train_accuracy":0.8448666666666667,"_runtime":16,"_timestamp":1.7727628037326968e+09,"epoch":15}