{"epoch":10,"_wandb":{"runtime":34},"_runtime":34,"val_loss":0.0795471290581199,"train_accuracy":0.9952,"val_accuracy":0.9765,"_step":9,"train_loss":0.016031091693096997,"_timestamp":1.7721341971471066e+09}