{"_step":9,"_timestamp":1.7725678638455572e+09,"train_loss":0.05615949141512538,"train_accuracy":0.9613666666666667,"val_accuracy":0.9611,"epoch":10,"val_loss":0.06780323677606087,"_runtime":17,"_wandb":{"runtime":17}}