{"_step":14,"val_loss":0.5324222561084871,"train_loss":0.5425198815113034,"val_accuracy":0.6419,"_wandb":{"runtime":33},"_timestamp":1.7727300058799455e+09,"_runtime":33,"epoch":15,"train_accuracy":0.5510333333333334}