{"_step":9,"val_loss":0.11949246761468449,"train_accuracy":0.9760166666666666,"_wandb":{"runtime":18},"val_accuracy":0.9661,"_timestamp":1.772108444955265e+09,"epoch":10,"train_loss":0.06276605919903255,"_runtime":18}