{"train_accuracy":0.90455,"_runtime":89,"val_loss":0.1541003354934288,"epoch":15,"train_loss":0.1536763542486952,"val_accuracy":0.9107,"_timestamp":1.7727741732638466e+09,"_wandb":{"runtime":89},"_step":14}