{"_step":4,"_runtime":15,"val_loss":0.1715759884056872,"train_accuracy":0.94875,"_wandb":{"runtime":15},"epoch":5,"train_loss":0.16637199431222494,"_timestamp":1.7721052632279246e+09,"val_accuracy":0.9509}