{"_wandb":{"runtime":23},"_runtime":23,"train_loss":0.22223320474136274,"val_loss":0.38994100454455155,"val_accuracy":0.8775,"_timestamp":1.7727226334092944e+09,"_step":14,"epoch":15}