{"_wandb":{"runtime":42},"_step":14,"val_loss":2.2994890810620876,"_timestamp":1.7727784145059648e+09,"epoch":15,"val_accuracy":0.1135,"train_loss":2.2996648191837283,"_runtime":42,"train_accuracy":0.11236666666666667}