{"_wandb":{"runtime":68},"_step":14,"train_accuracy":0.9320833333333334,"val_accuracy":0.9282,"_timestamp":1.7727277570436742e+09,"_runtime":68,"val_loss":0.3965148435835838,"epoch":15,"train_loss":0.3699856491496739}