{"_wandb":{"runtime":12},"_runtime":12,"val_loss":0.8998569620672165,"val_accuracy":0.1135,"train_loss":0.8998761334920081,"epoch":10,"train_accuracy":0.10778333333333333,"_timestamp":1.7725785960978508e+09,"_step":9}