{"val_accuracy":0.9685,"train_accuracy":0.9769333333333333,"val_loss":0.11254285872979089,"_wandb":{"runtime":39},"_timestamp":1.7721355013562434e+09,"epoch":10,"train_loss":0.07729613059249882,"_runtime":39,"_step":9}