{"val_accuracy":0.9631,"_timestamp":1.7725724837456167e+09,"train_accuracy":0.9767833333333333,"_step":9,"train_loss":0.07499609067963682,"epoch":10,"_wandb":{"runtime":8},"val_loss":0.11661842628712686,"_runtime":8}