{"_runtime":22,"_timestamp":1.7725819136904964e+09,"_wandb":{"runtime":22},"epoch":10,"train_loss":2.3020849720463925,"val_accuracy":0.1135,"val_loss":2.301728014369239,"train_accuracy":0.11051666666666667,"_step":9}