{"_step":9,"epoch":10,"_wandb":{"runtime":46},"_runtime":46,"train_accuracy":0.11236666666666667,"val_loss":2.3010970403071975,"val_accuracy":0.1135,"train_loss":2.301209602796917,"_timestamp":1.7725862178243067e+09}