{"_runtime":58,"epoch":10,"_wandb":{"runtime":58},"_step":9,"train_accuracy":0.9876166666666667,"val_loss":0.10830959600991388,"val_accuracy":0.9719,"train_loss":0.03325918251370154,"_timestamp":1.7721323503365083e+09}