{"val_loss":0.1528360110960489,"_runtime":19,"train_loss":0.14683937841315764,"val_accuracy":0.9558,"epoch":15,"_timestamp":1.7727019059200182e+09,"_step":14,"train_accuracy":0.9566333333333333,"_wandb":{"runtime":19}}