{"val_accuracy":0.8769,"_timestamp":1.7725340113525767e+09,"_step":14,"epoch":15,"train_loss":0.24290167965804926,"_wandb":{"runtime":18},"_runtime":18,"val_loss":0.4103217894376873}