{"val_loss":2.3026008750807905,"_runtime":53,"_step":14,"val_accuracy":0.1028,"_wandb":{"runtime":53},"train_accuracy":0.1051,"_timestamp":1.7727321661421456e+09,"train_loss":2.3024153569684254,"epoch":15}