{"_step":9,"val_accuracy":0.1135,"train_accuracy":0.11236666666666667,"epoch":10,"train_loss":0.8997463266392106,"val_loss":0.8997278406350706,"_timestamp":1.7725661244620986e+09,"_wandb":{"runtime":52},"_runtime":52}