{"train_loss":2.3024810607505817,"_step":14,"val_loss":2.3020745412254002,"val_accuracy":0.1135,"_wandb":{"runtime":27},"epoch":15,"_runtime":27,"train_accuracy":0.11051666666666667,"_timestamp":1.7726959171529284e+09}