{"val_loss":0.12348960507569745,"train_loss":0.11431981245955868,"_wandb":{"runtime":43},"train_accuracy":0.9371333333333334,"val_accuracy":0.9348,"epoch":15,"_runtime":43,"_timestamp":1.7727745900602832e+09,"_step":14}