{"val_loss":0.07874759695733939,"val_accuracy":0.9772,"train_loss":0.027674596951316206,"train_accuracy":0.9910833333333333,"_runtime":28,"_step":9,"_timestamp":1.7721104560349097e+09,"epoch":10,"_wandb":{"runtime":28}}