{"_step":11,"network_depth":7,"sigmoid_first_layer_grad_norm":2.31415599468493e-06,"_timestamp":1.7725378796796002e+09,"relu_first_layer_grad_norm":1.227470024560122,"_wandb":{"runtime":1},"_runtime":1}