{"_wandb":{"runtime":7},"_runtime":7,"val_loss":0.13228364913450352,"train_accuracy":0.9781833333333333,"_step":9,"train_loss":0.0576438671849909,"_timestamp":1.772132227641397e+09,"epoch":10,"val_accuracy":0.9639}