{"_step":4,"epoch":5,"train_accuracy":0.9647833333333333,"val_accuracy":0.9628,"val_loss":0.1222638950566149,"train_loss":0.11035813361163198,"_wandb":{"runtime":21},"_runtime":21,"_timestamp":1.772104532510922e+09}