{"_timestamp":1.7727354238042605e+09,"_step":14,"train_accuracy":0.11236666666666667,"train_loss":2.3011596306051842,"_runtime":55,"epoch":15,"val_loss":2.3010235019912693,"val_accuracy":0.1135,"_wandb":{"runtime":55}}