{"_wandb":{"runtime":8},"_runtime":8,"train_loss":0.24390443284884306,"train_accuracy":0.9305333333333333,"_timestamp":1.77213615509909e+09,"_step":9,"val_accuracy":0.9291,"epoch":10,"val_loss":0.24459702670188516}