{"_runtime":29,"val_accuracy":0.9618,"epoch":5,"train_loss":0.10883112602027026,"val_loss":0.1255502857135367,"train_accuracy":0.96455,"_wandb":{"runtime":29},"_timestamp":1.7721083018817647e+09,"_step":4}