{"_runtime":29,"val_accuracy":0.9625,"train_loss":0.04678836916335035,"epoch":15,"_step":14,"val_loss":0.1401801673601208,"train_accuracy":0.98205,"_timestamp":1.7727601454377465e+09,"_wandb":{"runtime":29}}