{"_runtime":7,"val_loss":0.11912234139762275,"_wandb":{"runtime":7},"val_accuracy":0.9653,"train_accuracy":0.9777,"_timestamp":1.7721132583331351e+09,"epoch":5,"_step":4,"train_loss":0.05796680457936349}