{"_wandb":{"runtime":48},"_step":9,"val_loss":0.8995987687213667,"train_accuracy":0.11236666666666667,"_timestamp":1.77258207373613e+09,"train_loss":0.8996261745396268,"epoch":10,"val_accuracy":0.1135,"_runtime":48}