{"val_loss":2.300960937079093,"val_accuracy":0.1135,"_step":14,"_runtime":30,"epoch":15,"_wandb":{"runtime":30},"_timestamp":1.7727817597674773e+09,"train_accuracy":0.11236666666666667,"train_loss":2.3011847648780304}