{"epoch":10,"train_loss":0.0633146888083807,"val_loss":0.09579799189740801,"val_accuracy":0.9716,"_wandb":{"runtime":31},"_runtime":31,"_timestamp":1.7725709566178875e+09,"train_accuracy":0.9789166666666667,"_step":9}