{"val_accuracy":0.8634,"_timestamp":1.7727226720994577e+09,"_runtime":32,"_wandb":{"runtime":32},"_step":14,"epoch":15,"train_loss":0.29240039066853485,"val_loss":0.5258574640276211}