{"val_accuracy":0.9742,"epoch":5,"_wandb":{"runtime":12},"_timestamp":1.7721055929567375e+09,"_step":4,"train_accuracy":0.9852166666666666,"train_loss":0.033020390865027435,"_runtime":12,"val_loss":0.08549079511459441}