{"train_loss":0.12029325011593181,"epoch":10,"_wandb":{"runtime":71},"_runtime":71,"_timestamp":1.7721131365125499e+09,"_step":9,"val_accuracy":0.954,"train_accuracy":0.9663333333333334,"val_loss":0.16811902361581102}