{"_step":9,"epoch":10,"_timestamp":1.7725822961446974e+09,"_runtime":25,"_wandb":{"runtime":25},"val_accuracy":0.1135,"train_accuracy":0.11236666666666667,"train_loss":2.301159432784374,"val_loss":2.3010214360614714}