{"val_loss":0.20567618583233788,"val_accuracy":0.9494,"_timestamp":1.7725751414380953e+09,"_wandb":{"runtime":9},"train_accuracy":0.9623,"_step":9,"epoch":10,"train_loss":0.1291944870511297,"_runtime":9}