{"_wandb":{"runtime":12},"_runtime":12,"val_loss":0.23278000802792476,"_step":9,"epoch":10,"train_accuracy":0.9323833333333333,"_timestamp":1.7721313999007742e+09,"train_loss":0.23188614585149828,"val_accuracy":0.9337}