{"epoch":15,"_wandb":{"runtime":51},"val_accuracy":0.952,"_timestamp":1.7727337735383403e+09,"train_loss":0.058181422968738114,"_step":14,"train_accuracy":0.9604666666666667,"val_loss":0.07691452453798406,"_runtime":51}