{"val_accuracy":0.9111,"train_loss":0.3298805315487688,"train_accuracy":0.9068666666666667,"_runtime":23,"_timestamp":1.7727619592112737e+09,"_step":14,"val_loss":0.31716627543414044,"epoch":15,"_wandb":{"runtime":23}}