{"val_loss":0.8996799390314051,"val_accuracy":0.1135,"_wandb":{"runtime":39},"_timestamp":1.7727663604234786e+09,"epoch":15,"_runtime":39,"train_loss":0.8997078308563135,"train_accuracy":0.11236666666666667,"_step":14}