{"train_accuracy":0.97785,"val_loss":0.110651406014348,"val_accuracy":0.9666,"epoch":5,"_wandb":{"runtime":42},"train_loss":0.07722928890612202,"_timestamp":1.7721068773883343e+09,"_step":4,"_runtime":42}