{"_timestamp":1.7727737360045297e+09,"epoch":15,"train_accuracy":0.10775,"_runtime":71,"val_accuracy":0.1135,"val_loss":2.300992580952639,"_step":14,"train_loss":2.3014588014510564,"_wandb":{"runtime":71}}