{"_wandb":{"runtime":44},"_runtime":44,"val_accuracy":0.976,"train_loss":0.007360604322109615,"_timestamp":1.7727367661649399e+09,"_step":14,"epoch":15,"train_accuracy":0.9973,"val_loss":0.08783015882968495}