{"val_loss":0.10552708463848276,"epoch":15,"_step":14,"_wandb":{"runtime":19},"train_accuracy":0.9843333333333333,"val_accuracy":0.9696,"_timestamp":1.7726951306125143e+09,"train_loss":0.04242848022522344,"_runtime":19}