{"train_loss":1.0298084495792383,"_step":14,"val_loss":1.0231346277864126,"val_accuracy":0.6416,"_wandb":{"runtime":21},"epoch":15,"_runtime":21,"_timestamp":1.7727651792947586e+09,"train_accuracy":0.6184833333333334}