{"_wandb":{"runtime":10},"_step":4,"val_accuracy":0.9745,"epoch":5,"train_loss":0.03649843167434686,"train_accuracy":0.9821,"_runtime":10,"_timestamp":1.7721050759382575e+09,"val_loss":0.11342032345988463}