{"_wandb":{"runtime":29},"train_accuracy":0.9238166666666666,"_timestamp":1.772778350462984e+09,"train_loss":0.2614664536449288,"val_accuracy":0.9256,"_step":14,"epoch":15,"_runtime":29,"val_loss":0.2601930431147215}