{"val_loss":0.05545147113132955,"epoch":15,"train_accuracy":0.9828666666666667,"val_accuracy":0.9631,"_wandb":{"runtime":26},"_step":14,"train_loss":0.02974808392312038,"_runtime":26,"_timestamp":1.7727367034087465e+09}