{"val_loss":0.1999995804168681,"_step":14,"train_loss":0.18763091616178101,"val_accuracy":0.9437,"_runtime":14,"_wandb":{"runtime":14},"_timestamp":1.772779205562952e+09,"epoch":15,"train_accuracy":0.94515}