{"_wandb":{"runtime":20},"epoch":10,"train_loss":0.8997633547882263,"_step":9,"_timestamp":1.7725840627278686e+09,"train_accuracy":0.11236666666666667,"val_accuracy":0.1135,"val_loss":0.8997474638247295,"_runtime":20}