{"val_loss":0.12159412593168624,"_wandb":{"runtime":7},"_runtime":7,"val_accuracy":0.9691,"epoch":10,"train_loss":0.046660480951827836,"_timestamp":1.772694019205227e+09,"_step":9,"train_accuracy":0.9818333333333333}