{"_timestamp":1.7720986200847173e+09,"_runtime":26,"val_accuracy":0.9593,"_wandb":{"runtime":26},"_step":7,"train_loss":0.1043931948235121,"epoch":8,"train_accuracy":0.9687,"val_loss":0.1865371894863913}