{"_wandb":{"runtime":51},"_runtime":51,"train_loss":0.0692539359661869,"_step":9,"epoch":10,"train_accuracy":0.9796333333333334,"_timestamp":1.7721026073333197e+09,"val_loss":0.11075548415421008,"val_accuracy":0.9723}