{"val_accuracy":0.1135,"_step":9,"_runtime":6,"val_loss":0.8997592392539947,"epoch":10,"train_accuracy":0.11236666666666667,"_wandb":{"runtime":6},"_timestamp":1.772576272521088e+09,"train_loss":0.8997740948386777}