{"val_loss":0.3876793532655551,"val_accuracy":0.7778,"_runtime":11,"_timestamp":1.77269499027609e+09,"_step":14,"epoch":15,"train_loss":0.39397928472643945,"train_accuracy":0.7608666666666667,"_wandb":{"runtime":11}}