{"_step":14,"_runtime":49,"val_loss":2.301112806162355,"val_accuracy":0.1135,"train_loss":2.301299547597891,"_wandb":{"runtime":49},"epoch":15,"train_accuracy":0.11236666666666667,"_timestamp":1.7727363376123807e+09}