{"train_accuracy":0.11033333333333334,"val_accuracy":0.1135,"_wandb":{"runtime":31},"_runtime":31,"val_loss":2.302398091128554,"_step":14,"epoch":15,"_timestamp":1.772771096609328e+09,"train_loss":2.303148750152178}