{"val_loss":0.1665119677038142,"train_loss":0.13795398597625125,"val_accuracy":0.9553,"_timestamp":1.7721007274965792e+09,"train_accuracy":0.9554,"_runtime":14,"_step":4,"epoch":5,"_wandb":{"runtime":14}}