{"_wandb":{"runtime":36},"epoch":10,"val_loss":0.8999955556712222,"val_accuracy":0.1135,"_runtime":36,"_step":9,"train_loss":0.9000678787494919,"train_accuracy":0.10956666666666667,"_timestamp":1.7725791073403544e+09}