{"val_accuracy":0.9627,"train_loss":0.10131020555302025,"_runtime":84,"epoch":15,"train_accuracy":0.9689,"_timestamp":1.772781448057891e+09,"_step":14,"_wandb":{"runtime":84},"val_loss":0.12750643551224816}