{"train_loss":2.301243191476076,"_runtime":48,"_timestamp":1.772776153483277e+09,"val_loss":2.3011447770470466,"_step":14,"_wandb":{"runtime":48},"epoch":15,"val_accuracy":0.1135,"train_accuracy":0.11236666666666667}