{"_timestamp":1.7725665815844235e+09,"train_loss":1.4916360179522064,"_runtime":20,"val_accuracy":0.7546,"train_accuracy":0.7317666666666667,"val_loss":1.4785523720618146,"_step":9,"_wandb":{"runtime":20},"epoch":10}