{"train_accuracy":0.9743833333333334,"epoch":10,"train_loss":0.09409610201918443,"_runtime":18,"_step":9,"val_loss":0.15678737663203593,"_wandb":{"runtime":18},"val_accuracy":0.9662,"_timestamp":1.7721389806708028e+09}