{"epoch":10,"val_loss":0.09901083787562784,"val_accuracy":0.9763,"train_loss":0.04790378706619524,"_runtime":50,"_wandb":{"runtime":50},"train_accuracy":0.9850333333333333,"_step":9,"_timestamp":1.772138159037027e+09}