{"val_accuracy":0.5442,"val_loss":0.8707168002691013,"_step":9,"epoch":10,"train_loss":0.871289295180121,"_wandb":{"runtime":51},"train_accuracy":0.5377833333333333,"_runtime":51,"_timestamp":1.7725660142416317e+09}