{"_timestamp":1.7727369940024173e+09,"epoch":15,"train_accuracy":0.19205,"train_loss":2.2683792775356024,"val_accuracy":0.1812,"_step":14,"_wandb":{"runtime":53},"val_loss":2.2673187063775364,"_runtime":53}