{"_wandb":{"runtime":6},"_runtime":6,"_timestamp":1.7725366361692493e+09,"_step":5627,"step":5627,"first_layer_grad_norm":0.10470576688033123}