{"_runtime":9,"train_accuracy":0.9718333333333333,"_step":9,"val_loss":0.0550821312244507,"_timestamp":1.772566193326384e+09,"_wandb":{"runtime":9},"train_loss":0.040019983523818976,"val_accuracy":0.9649,"epoch":10}