{"_timestamp":1.7727284960466146e+09,"train_accuracy":0.454,"_wandb":{"runtime":21},"train_loss":2.185398712917563,"_runtime":21,"val_loss":2.183289045638992,"epoch":15,"val_accuracy":0.4716,"_step":14}