{"_wandb":{"runtime":41},"_timestamp":1.7727382514944036e+09,"val_accuracy":0.1135,"train_loss":0.899771328826019,"_step":14,"epoch":15,"train_accuracy":0.11208333333333333,"val_loss":0.8997264826299497,"_runtime":41}