{"_timestamp":1.7725859830258245e+09,"val_loss":0.8996925097307783,"val_accuracy":0.1135,"_step":9,"epoch":10,"_wandb":{"runtime":66},"train_accuracy":0.11236666666666667,"train_loss":0.899716844013295,"_runtime":66}