{"_step":9,"val_loss":2.301011450820036,"val_accuracy":0.1135,"epoch":10,"train_accuracy":0.11236666666666667,"_timestamp":1.7725857822950277e+09,"_runtime":61,"train_loss":2.301153514213661,"_wandb":{"runtime":61}}