{"train_accuracy":0.26481666666666664,"val_loss":0.8969563631230248,"val_accuracy":0.2748,"epoch":15,"train_loss":0.8971453327443616,"_timestamp":1.7727688020425828e+09,"_wandb":{"runtime":24},"_step":14,"_runtime":24}