{"val_accuracy":0.1135,"epoch":10,"val_loss":2.301288474251643,"_runtime":10,"_step":9,"_wandb":{"runtime":10},"train_loss":2.3012949282977595,"_timestamp":1.7725789122004762e+09,"train_accuracy":0.11236666666666667}