{"val_loss":0.03896415563144986,"_wandb":{"runtime":37},"train_loss":0.01266775595683252,"val_accuracy":0.9761,"train_accuracy":0.98995,"_step":14,"_runtime":37,"_timestamp":1.7727256437214522e+09,"epoch":15}