{"val_loss":0.07581910997768612,"val_accuracy":0.9768,"_step":9,"epoch":10,"train_loss":0.04612075880030392,"_timestamp":1.7721394162572436e+09,"_wandb":{"runtime":35},"_runtime":35,"train_accuracy":0.9846333333333334}