{"train_accuracy":0.9152333333333333,"val_accuracy":0.9183,"train_loss":0.2964813345110478,"epoch":15,"val_loss":0.28586626088697936,"_timestamp":1.7727831546051295e+09,"_wandb":{"runtime":21},"_runtime":21,"_step":14}