{"_timestamp":1.7725657674092543e+09,"train_accuracy":0.9738333333333333,"_step":9,"val_accuracy":0.9661,"train_loss":0.03858983137269366,"val_loss":0.05578105738354911,"epoch":10,"_wandb":{"runtime":8},"_runtime":8}