{"_wandb":{"runtime":28},"epoch":15,"val_accuracy":0.1135,"_runtime":28,"_step":14,"train_accuracy":0.11236666666666667,"val_loss":0.8996820474455495,"_timestamp":1.772769151341283e+09,"train_loss":0.8997132999490274}