{"_timestamp":1.7721321659832923e+09,"train_loss":0.06909973148500916,"_wandb":{"runtime":10},"_step":9,"epoch":10,"_runtime":10,"val_accuracy":0.9613,"train_accuracy":0.9773166666666666,"val_loss":0.12422390384978746}