{"epoch":15,"val_accuracy":0.6794,"_timestamp":1.7726963276394713e+09,"train_accuracy":0.6709166666666667,"val_loss":0.5871063453193563,"_step":14,"train_loss":0.5923927915508437,"_runtime":20,"_wandb":{"runtime":20}}