{"epoch":5,"_wandb":{"runtime":15},"_timestamp":1.7721326030315313e+09,"_step":4,"val_accuracy":0.9709,"_runtime":15,"train_loss":0.07528185899752908,"train_accuracy":0.9740333333333333,"val_loss":0.09621043733022615}