{"_step":14,"train_loss":0.16841557629306755,"train_accuracy":0.95045,"val_accuracy":0.9502,"_timestamp":1.7727631202598984e+09,"epoch":15,"_runtime":24,"_wandb":{"runtime":24},"val_loss":0.17005731995509427}