{"_runtime":10,"epoch":10,"val_loss":0.9000045552031908,"train_loss":0.9000012976968986,"train_accuracy":0.10998333333333334,"val_accuracy":0.0982,"_wandb":{"runtime":10},"_step":9,"_timestamp":1.772569341117496e+09}