{"_runtime":0,"_step":11,"network_depth":7,"sigmoid_first_layer_grad_norm":2.174298429000833e-06,"_timestamp":1.772722941942147e+09,"relu_first_layer_grad_norm":1.184530564691842,"_wandb":{"runtime":0}}