{"train_accuracy":0.94295,"_step":9,"train_loss":0.19030265225225637,"_runtime":9,"val_accuracy":0.9423,"_timestamp":1.7726874450663197e+09,"val_loss":0.2009304835695168,"epoch":10,"_wandb":{"runtime":9}}