{"_runtime":57,"epoch":15,"train_accuracy":0.91485,"_wandb":{"runtime":57},"val_loss":0.16846103257923573,"_timestamp":1.7727015486614618e+09,"_step":14,"val_accuracy":0.9139,"train_loss":0.16632765248991946}