{"val_accuracy":0.9705,"_timestamp":1.7726943824275115e+09,"_step":9,"epoch":10,"train_loss":0.060720703506024196,"_wandb":{"runtime":32},"_runtime":32,"val_loss":0.20760998934635636}