{"_wandb":{"runtime":9},"_runtime":9,"val_loss":0.0759816463483638,"val_accuracy":0.9505,"_timestamp":1.7725669836830292e+09,"_step":9,"train_loss":0.07122698878219164,"epoch":10,"train_accuracy":0.95225}