{"_wandb":{"runtime":10},"val_loss":0.05098441470579739,"val_accuracy":0.9678,"_step":9,"_runtime":10,"_timestamp":1.77256310127158e+09,"epoch":10,"train_loss":0.037528417725446336,"train_accuracy":0.9757166666666667}