{"_step":14,"epoch":15,"_wandb":{"runtime":61},"val_accuracy":0.9698,"train_loss":0.042312326425502964,"val_loss":0.11626773294422965,"train_accuracy":0.9857833333333333,"_timestamp":1.7727650364843497e+09,"_runtime":61}