{"_wandb":{"runtime":17},"_runtime":17,"epoch":15,"val_loss":0.08158881620704297,"_timestamp":1.7727799642511683e+09,"train_accuracy":0.9996333333333334,"train_loss":0.0016950424802312776,"val_accuracy":0.9816,"_step":14}