{"train_accuracy":0.9376666666666666,"epoch":10,"_step":9,"_timestamp":1.7725772339101994e+09,"train_loss":0.10168268244920287,"_wandb":{"runtime":14},"val_loss":0.11149480968397511,"_runtime":14,"val_accuracy":0.9363}