{"_wandb":{"runtime":84},"epoch":15,"val_loss":0.8357811628684458,"train_accuracy":0.7958166666666666,"val_accuracy":0.839,"_runtime":84,"train_loss":0.7926286203994048,"_timestamp":1.7727775083776946e+09,"_step":14}