{"_wandb":{"runtime":12},"epoch":15,"val_accuracy":0.9667,"_timestamp":1.772695700410643e+09,"train_loss":0.05688919199746458,"_runtime":12,"_step":14,"train_accuracy":0.9819333333333333,"val_loss":0.13194431723821823}