{"train_loss":0.09113997258234725,"train_accuracy":0.9390333333333334,"val_loss":0.09582938315743715,"val_accuracy":0.9371,"_step":14,"_timestamp":1.7727353002848022e+09,"epoch":15,"_wandb":{"runtime":46},"_runtime":46}