{"val_accuracy":0.098,"_timestamp":1.7725659486160297e+09,"_wandb":{"runtime":73},"train_loss":0.8999498086406315,"_step":9,"epoch":10,"train_accuracy":0.11023333333333334,"val_loss":0.8999367703946511,"_runtime":73}