{"val_accuracy":0.9473,"epoch":5,"_runtime":16,"_step":4694,"step":4689,"tanh_grad_norm":0.10860969123506782,"_wandb":{"runtime":16},"saturated_neuron_percentage":0,"_timestamp":1.772562054745183e+09,"train_loss":0.16555521382161156}