{"_runtime":29,"val_loss":0.8997765636734159,"val_accuracy":0.1028,"train_loss":0.8997993271508062,"_timestamp":1.772776252863825e+09,"_wandb":{"runtime":29},"train_accuracy":0.11161666666666667,"_step":14,"epoch":15}