{"_wandb":{"runtime":37},"val_loss":0.7475098515484999,"epoch":15,"train_loss":0.7506902066903997,"val_accuracy":0.4488,"_step":14,"_runtime":37,"_timestamp":1.7727309913642359e+09,"train_accuracy":0.4233166666666667}