{"val_accuracy":0.1135,"_wandb":{"runtime":83},"train_accuracy":0.10815,"val_loss":0.8998425236838199,"_step":14,"_timestamp":1.7727379325454113e+09,"epoch":15,"train_loss":0.8999746440420479,"_runtime":83}