{"val_accuracy":0.0892,"_timestamp":1.7727371051584597e+09,"_wandb":{"runtime":42},"epoch":15,"train_loss":2.315042168345461,"val_loss":2.3152875750438073,"_step":14,"train_accuracy":0.10175,"_runtime":42}