{"epoch":10,"train_accuracy":0.9348,"_wandb":{"runtime":13},"train_loss":0.09522270426226266,"_runtime":13,"val_loss":0.10377872225656307,"_timestamp":1.7725686273739998e+09,"_step":9,"val_accuracy":0.9316}