{"val_loss":0.13377915357109577,"train_accuracy":0.9182,"train_loss":0.1273415404373317,"_timestamp":1.772577945832814e+09,"_wandb":{"runtime":49},"epoch":10,"val_accuracy":0.9211,"_step":9,"_runtime":49}