{"epoch":10,"_timestamp":1.7721407303205812e+09,"train_accuracy":0.98765,"val_loss":0.08716286579784718,"_wandb":{"runtime":29},"_step":9,"train_loss":0.03919718731507634,"val_accuracy":0.9719,"_runtime":29}