{"_runtime":49,"val_loss":2.2944574189317968,"_timestamp":1.7725812480198085e+09,"epoch":10,"_wandb":{"runtime":49},"train_loss":2.2947013437642116,"train_accuracy":0.12208333333333334,"_step":9,"val_accuracy":0.1135}