{"_wandb":{"runtime":18},"epoch":15,"val_loss":0.25892227569124654,"val_accuracy":0.867,"_step":14,"train_accuracy":0.8558333333333333,"_runtime":18,"_timestamp":1.772785041922698e+09,"train_loss":0.2697627020076125}