{"val_accuracy":0.9745,"_wandb":{"runtime":20},"_runtime":20,"_timestamp":1.7727229133998845e+09,"_step":9,"epoch":10,"train_loss":0.05068689143638724,"val_loss":0.16940506110157924}