{"_step":9,"train_loss":1.8025666666666667,"_timestamp":1.7725731985700648e+09,"epoch":10,"val_loss":1.804,"_wandb":{"runtime":52},"train_accuracy":0.09871666666666666,"_runtime":52,"val_accuracy":0.098}