{"_step":9,"_wandb":{"runtime":83},"train_loss":0.10382581077719469,"val_accuracy":0.9285,"train_accuracy":0.9287,"_runtime":83,"epoch":10,"val_loss":0.11039896346336814,"_timestamp":1.7725770494196653e+09}