{"train_accuracy":0.9748333333333333,"_wandb":{"runtime":37},"_timestamp":1.772140923605375e+09,"_runtime":37,"val_loss":0.12657622837910884,"val_accuracy":0.9661,"_step":9,"train_loss":0.07174826751146633,"epoch":10}