{"_step":14,"val_loss":2.30179226302174,"val_accuracy":0.101,"_wandb":{"runtime":20},"train_loss":2.3022731090499984,"_runtime":20,"_timestamp":1.7727379745314012e+09,"train_accuracy":0.11238333333333334,"epoch":15}