{"val_accuracy":0.972,"val_loss":0.08879608773395208,"_runtime":18,"epoch":10,"_step":9,"train_accuracy":0.9870333333333333,"_wandb":{"runtime":18},"train_loss":0.040174068087529304,"_timestamp":1.7721133619338512e+09}