{"val_accuracy":0.1135,"_timestamp":1.7721077201763906e+09,"epoch":5,"_runtime":6,"_wandb":{"runtime":6},"_step":4,"val_loss":2.301085769514377,"train_loss":2.301180960604548,"train_accuracy":0.11236666666666667}