{"_wandb":{"runtime":13},"train_loss":2.3014360969255603,"_step":9,"val_loss":2.301267163353088,"train_accuracy":0.11211666666666667,"_timestamp":1.7725692397454684e+09,"_runtime":13,"epoch":10,"val_accuracy":0.1135}