{"train_accuracy":0.9657166666666667,"_wandb":{"runtime":13},"_timestamp":1.7721091753175302e+09,"_step":9,"_runtime":13,"val_loss":0.14983985903314337,"epoch":10,"val_accuracy":0.9575,"train_loss":0.1146560047560727}