{"epoch":15,"val_loss":0.10735637455236019,"train_accuracy":0.98735,"train_loss":0.040295829115766575,"_wandb":{"runtime":21},"_step":14,"_timestamp":1.772736923901746e+09,"val_accuracy":0.9713,"_runtime":21}