{"_wandb":{"runtime":46},"_timestamp":1.7727268205360346e+09,"val_loss":0.8990923015517844,"val_accuracy":0.1135,"epoch":15,"_step":14,"train_loss":0.8991347188690187,"train_accuracy":0.11236666666666667,"_runtime":46}