{"_runtime":115,"val_accuracy":0.0892,"train_accuracy":0.09035,"epoch":15,"val_loss":1.8216,"_timestamp":1.7727637536866505e+09,"_step":14,"train_loss":1.8193,"_wandb":{"runtime":115}}