{"_wandb":{"runtime":30},"epoch":15,"train_loss":0.007725869889648697,"_runtime":30,"_timestamp":1.7727597751663654e+09,"train_accuracy":0.9946166666666667,"val_accuracy":0.9788,"_step":14,"val_loss":0.03485497020573476}