{"_wandb":{"runtime":16},"val_accuracy":0.1135,"epoch":10,"_runtime":16,"_step":9,"val_loss":2.2990144033057573,"train_accuracy":0.11351666666666667,"_timestamp":1.772570664333178e+09,"train_loss":2.2992002332462764}