{"_wandb":{"runtime":24},"_step":14,"train_loss":0.09259947210987822,"val_loss":0.10022783002798755,"train_accuracy":0.9469166666666666,"val_accuracy":0.947,"_runtime":24,"epoch":15,"_timestamp":1.772777123726966e+09}