{"val_accuracy":0.1308,"_timestamp":1.7726948382149632e+09,"epoch":15,"train_loss":0.8922350122760299,"_step":14,"train_accuracy":0.12705,"_runtime":44,"val_loss":0.8918771971411119,"_wandb":{"runtime":44}}