{"_timestamp":1.7725812887190216e+09,"_step":9,"train_accuracy":0.9744833333333334,"val_loss":0.11290455903234378,"_wandb":{"runtime":23},"val_accuracy":0.9661,"epoch":10,"_runtime":23,"train_loss":0.07861236744013389}