{"epoch":15,"_runtime":85,"_timestamp":1.772778667033982e+09,"val_loss":0.899686220672542,"_wandb":{"runtime":85},"val_accuracy":0.1135,"train_accuracy":0.11236666666666667,"train_loss":0.8997129014664114,"_step":14}