{"_timestamp":1.7725855781289513e+09,"val_accuracy":0.4283,"_runtime":5,"train_accuracy":0.4230333333333333,"epoch":10,"_wandb":{"runtime":5},"train_loss":2.197177468763304,"val_loss":2.1945789593274303,"_step":9}