{"_timestamp":1.7727029853839045e+09,"_step":14,"train_loss":2.262530217250097,"train_accuracy":0.18493333333333334,"_wandb":{"runtime":16},"val_accuracy":0.2486,"val_loss":2.261327101919925,"_runtime":16,"epoch":15}