{"val_loss":0.03693463790631158,"epoch":10,"_wandb":{"runtime":38},"_timestamp":1.772569788160289e+09,"train_loss":0.015290860766771327,"_runtime":38,"train_accuracy":0.9883666666666666,"val_accuracy":0.9762,"_step":9}