{"epoch":10,"train_accuracy":0.9736833333333333,"val_accuracy":0.9589,"_timestamp":1.7721395919740872e+09,"train_loss":0.07064776010782257,"_runtime":19,"_wandb":{"runtime":19},"val_loss":0.14747683478823928,"_step":9}