{"val_accuracy":0.9639,"train_loss":0.09191460538458036,"epoch":10,"train_accuracy":0.9684166666666667,"val_loss":0.12144326761234088,"_timestamp":1.7725740389294288e+09,"_step":9,"_wandb":{"runtime":7},"_runtime":7}