{"train_loss":1.8193,"train_accuracy":0.09035,"_timestamp":1.7727772405581806e+09,"epoch":15,"val_loss":1.8216,"_wandb":{"runtime":36},"_runtime":36,"val_accuracy":0.0892,"_step":14}