{"_wandb":{"runtime":19},"_step":14,"train_loss":0.3265354443191184,"train_accuracy":0.9061666666666667,"val_loss":0.40059701387735686,"val_accuracy":0.9207,"epoch":15,"_timestamp":1.7727733832013648e+09,"_runtime":19}