{"_timestamp":1.7725765893744783e+09,"_step":9,"_wandb":{"runtime":11},"train_accuracy":0.9137666666666666,"_runtime":11,"val_accuracy":0.9206,"train_loss":0.2978166684578982,"epoch":10,"val_loss":0.28520474881939945}