{"train_loss":2.301152636582034,"_wandb":{"runtime":7},"_runtime":7,"val_accuracy":0.1135,"_step":9,"val_loss":2.3010152589714385,"epoch":10,"train_accuracy":0.11236666666666667,"_timestamp":1.7721083295005538e+09}