{"_runtime":37,"val_loss":0.10030466866135108,"train_loss":0.08617441602439917,"train_accuracy":0.9399833333333333,"val_accuracy":0.9369,"_step":14,"_wandb":{"runtime":37},"epoch":15,"_timestamp":1.7727324782193685e+09}