{"_timestamp":1.772134382575518e+09,"train_accuracy":0.9763166666666667,"val_accuracy":0.9605,"_step":9,"val_loss":0.1432915464087464,"epoch":10,"train_loss":0.06915123176763859,"_runtime":20,"_wandb":{"runtime":20}}