{"val_accuracy":0.9766,"_step":4,"epoch":5,"train_accuracy":0.9803833333333334,"_wandb":{"runtime":20},"_runtime":20,"val_loss":0.07797271414443833,"_timestamp":1.7721067837363873e+09,"train_loss":0.03938887312517355}