{"train_accuracy":0.9934666666666667,"val_accuracy":0.9748,"_runtime":21,"_step":14,"_wandb":{"runtime":21},"val_loss":0.10839863416896696,"_timestamp":1.7727730284751437e+09,"epoch":15,"train_loss":0.014353549509077298}