{"train_loss":0.899712831137308,"_step":9,"_runtime":6,"val_loss":0.8996863692032769,"_wandb":{"runtime":6},"val_accuracy":0.1135,"train_accuracy":0.11236666666666667,"_timestamp":1.7725785450697086e+09,"epoch":10}