{"val_accuracy":0.9413,"_runtime":22,"train_loss":0.2043867670551702,"val_loss":0.2043043372495232,"_step":4,"epoch":5,"_wandb":{"runtime":22},"train_accuracy":0.9381666666666667,"_timestamp":1.7721041554785602e+09}