{"_runtime":19,"epoch":10,"train_accuracy":0.9712666666666666,"val_accuracy":0.9662,"train_loss":0.0946307539007972,"_wandb":{"runtime":19},"val_loss":0.1107958685930259,"_step":9,"_timestamp":1.772136412083514e+09}