{"_wandb":{"runtime":42},"val_loss":0.10351933072536874,"epoch":10,"train_loss":0.022850080200085266,"val_accuracy":0.9753,"_step":9,"_runtime":42,"train_accuracy":0.9907,"_timestamp":1.7725829167008092e+09}