{"_wandb":{"runtime":46},"_step":9,"train_loss":0.11593645757580422,"val_accuracy":0.9668,"_runtime":46,"_timestamp":1.772570847874287e+09,"train_accuracy":0.9805666666666667,"val_loss":0.2643150028415762,"epoch":10}