{"train_accuracy":0.9898,"val_loss":0.0957481056175783,"val_accuracy":0.9749,"_wandb":{"runtime":145},"_step":9,"_runtime":145,"train_loss":0.028631461999305854,"_timestamp":1.772110215193014e+09,"epoch":10}