{"_timestamp":1.7727770418595614e+09,"val_accuracy":0.9613,"epoch":15,"train_loss":0.03095933171250863,"_wandb":{"runtime":14},"train_accuracy":0.9788333333333333,"_step":14,"val_loss":0.060910509125876276,"_runtime":14}