{"_timestamp":1.7727368782238963e+09,"_runtime":27,"train_accuracy":0.9829666666666667,"train_loss":0.02788461999061066,"epoch":15,"_step":14,"val_loss":0.04143192535746986,"_wandb":{"runtime":27},"val_accuracy":0.9731}