{"network_depth":7,"sigmoid_first_layer_grad_norm":2.6282348061504664e-06,"_timestamp":1.772537468054952e+09,"_step":11,"relu_first_layer_grad_norm":2.4855110835200752e-09,"_runtime":0,"_wandb":{"runtime":0}}