{"train_loss":2.3020035610236254,"val_accuracy":0.1135,"train_accuracy":0.11236666666666667,"epoch":10,"_timestamp":1.772576790578103e+09,"_wandb":{"runtime":21},"val_loss":2.3019714314791715,"_step":9,"_runtime":21}