{"epoch":10,"val_accuracy":0.8714,"_step":9,"val_loss":0.48217797181140576,"train_accuracy":0.8618333333333333,"_wandb":{"runtime":13},"_runtime":13,"train_loss":0.4998032581597374,"_timestamp":1.7725837011232328e+09}