{"val_accuracy":0.6965,"_timestamp":1.772722814705006e+09,"_wandb":{"runtime":15},"_runtime":15,"_step":9,"epoch":10,"train_loss":1.2707182969367512,"val_loss":1.2527128425995295}