{"_runtime":80,"_step":9,"val_loss":0.8996778423651649,"train_accuracy":0.11236666666666667,"train_loss":0.8997292044404599,"_timestamp":1.7725864173727865e+09,"val_accuracy":0.1135,"epoch":10,"_wandb":{"runtime":80}}