{"train_accuracy":0.11236666666666667,"val_loss":0.8998996595912022,"train_loss":0.8999047595570402,"_runtime":19,"epoch":15,"val_accuracy":0.1135,"_timestamp":1.7727843651767526e+09,"_step":14,"_wandb":{"runtime":19}}