{"epoch":10,"val_loss":0.04518294551673249,"_timestamp":1.7725741543189118e+09,"train_loss":0.015694618881012846,"train_accuracy":0.98715,"_step":9,"val_accuracy":0.9726,"_wandb":{"runtime":62},"_runtime":62}