{"val_loss":0.0719837519347195,"val_accuracy":0.9787,"_timestamp":1.7721368133549778e+09,"_step":9,"train_loss":0.03294881692189989,"train_accuracy":0.9886,"_wandb":{"runtime":51},"epoch":10,"_runtime":51}