{"step":5627,"_wandb":{"runtime":30},"_runtime":30,"first_layer_grad_norm":0.07608023595804267,"_timestamp":1.772111172172767e+09,"_step":5627}