{"_runtime":10,"_wandb":{"runtime":10},"val_loss":2.3042038666403832,"val_accuracy":0.101,"train_accuracy":0.10835,"_step":9,"epoch":10,"train_loss":2.303399922857054,"_timestamp":1.7725698840527604e+09}