{"_step":14,"_wandb":{"runtime":18},"train_accuracy":0.97125,"val_loss":0.0576554109217906,"epoch":15,"train_loss":0.042962712863634414,"val_accuracy":0.962,"_timestamp":1.772702540291028e+09,"_runtime":18}