{"_timestamp":1.77273271358888e+09,"_step":14,"train_accuracy":0.1112,"_wandb":{"runtime":20},"train_loss":0.8999013793671075,"val_loss":0.8999388355661766,"_runtime":20,"val_accuracy":0.1135,"epoch":15}