{"_runtime":12,"train_loss":0.03897178050751475,"val_accuracy":0.9772,"train_accuracy":0.9836,"val_loss":0.08140693856673199,"epoch":5,"_timestamp":1.7721125456829057e+09,"_step":4,"_wandb":{"runtime":12}}