{"_runtime":12,"epoch":10,"val_loss":0.6358171567094624,"train_accuracy":0.38955,"train_loss":0.6411648053370799,"_timestamp":1.7725724018614109e+09,"_wandb":{"runtime":12},"val_accuracy":0.4074,"_step":9}