{"val_loss":0.2624275846774364,"_step":4,"epoch":5,"train_accuracy":0.9227666666666666,"val_accuracy":0.9262,"_timestamp":1.7721088879955645e+09,"train_loss":0.26535684569587753,"_wandb":{"runtime":10},"_runtime":10}