{"_wandb":{"runtime":22},"val_loss":2.302028824200806,"val_accuracy":0.1135,"_runtime":22,"train_loss":2.3019010281945533,"_step":14,"epoch":15,"_timestamp":1.7727246224506931e+09,"train_accuracy":0.11015}