{"val_accuracy":0.1028,"_timestamp":1.772584249048217e+09,"epoch":10,"_wandb":{"runtime":10},"_runtime":10,"train_loss":2.3018458125743546,"train_accuracy":0.11088333333333333,"val_loss":2.3021028444688114,"_step":9}