{"_wandb":{"runtime":31},"val_accuracy":0.1135,"_timestamp":1.772566457344818e+09,"epoch":10,"train_loss":0.8996392611978006,"train_accuracy":0.11236666666666667,"_step":9,"val_loss":0.8996048520662949,"_runtime":31}