{"val_accuracy":0.9768,"train_loss":0.026733920915860254,"_wandb":{"runtime":16},"_runtime":16,"val_loss":0.07122056260356986,"_timestamp":1.7721316015699167e+09,"_step":9,"epoch":10,"train_accuracy":0.9924}