{"val_accuracy":0.1135,"_timestamp":1.7727764029120936e+09,"train_loss":2.301162416473264,"val_loss":2.3010278918543325,"_runtime":21,"train_accuracy":0.11236666666666667,"_wandb":{"runtime":21},"epoch":15,"_step":14}