{"val_accuracy":0.9731,"_wandb":{"runtime":10},"train_loss":0.014153553214910615,"train_accuracy":0.99065,"_runtime":10,"val_loss":0.042448670119788826,"_step":14,"_timestamp":1.7727016302793388e+09,"epoch":15}