{"train_accuracy":0.9783,"val_accuracy":0.9689,"epoch":5,"_step":4,"train_loss":0.05164447330320773,"_timestamp":1.7721044919165592e+09,"_wandb":{"runtime":50},"val_loss":0.15084161660548254,"_runtime":50}