{"val_loss":2.3010774458947125,"_wandb":{"runtime":35},"train_accuracy":0.11236666666666667,"_timestamp":1.7727635633447793e+09,"_step":14,"_runtime":35,"val_accuracy":0.1135,"train_loss":2.301272685560087,"epoch":15}