{"train_accuracy":0.9386,"val_loss":0.09591188242535073,"_runtime":37,"_timestamp":1.7727849061227098e+09,"train_loss":0.09521753067499483,"_wandb":{"runtime":37},"_step":14,"epoch":15,"val_accuracy":0.9386}