{"train_accuracy":0.9930666666666667,"val_accuracy":0.9782,"_timestamp":1.772759639328342e+09,"train_loss":0.016894215647804234,"_step":14,"_runtime":53,"val_loss":0.08894287390007269,"_wandb":{"runtime":53},"epoch":15}