{"_runtime":38,"_timestamp":1.7721091233012252e+09,"epoch":10,"_wandb":{"runtime":38},"val_accuracy":0.9782,"train_loss":0.01335152861471222,"_step":9,"train_accuracy":0.9951833333333333,"val_loss":0.08265103284677186}