{"val_loss":0.17634310871908224,"_runtime":49,"train_loss":0.08409275552995371,"train_accuracy":0.9736166666666667,"_timestamp":1.7720969435554128e+09,"_step":9,"val_accuracy":0.9642,"epoch":10,"_wandb":{"runtime":49}}