{"_runtime":11,"saturated_neuron_percentage":0,"_timestamp":1.7725384912830448e+09,"_step":4694,"tanh_grad_norm":0.486816136914418,"step":4689,"val_accuracy":0.9447,"epoch":5,"train_loss":0.1842252938504626,"tanh_activation_distribution":{"bins":[-0.9999998367023109,-0.9687498825259665,-0.9374999283496223,-0.9062499741732779,-0.8750000199969336,-0.8437500658205892,-0.812500111644245,-0.7812501574679006,-0.7500002032915563,-0.718750249115212,-0.6875002949388677,-0.6562503407625233,-0.6250003865861791,-0.5937504324098347,-0.5625004782334904,-0.5312505240571461,-0.5000005698808018,-0.4687506157044574,-0.4375006615281132,-0.4062507073517688,-0.3750007531754245,-0.34375079899908023,-0.3125008448227359,-0.2812508906463915,-0.2500009364700473,-0.21875098229370293,-0.18750102811735858,-0.15625107394101423,-0.12500111976467,-0.09375116558832564,-0.06250121141198128,-0.03125125723563704,-1.3030592926899232e-06,0.03124865111705155,0.062498605293396015,0.09374855946974026,0.1249985136460845,0.15624846782242896,0.1874984219987732,0.21874837617511744,0.2499983303514619,0.28124828452780615,0.3124982387041504,0.34374819288049485,0.3749981470568391,0.40624810123318333,0.4374980554095278,0.46874800958587204,0.4999979637622163,0.5312479179385607,0.562497872114905,0.5937478262912494,0.6249977804675937,0.6562477346439379,0.6874976888202824,0.7187476429966266,0.7499975971729709,0.7812475513493153,0.8124975055256596,0.8437474597020038,0.8749974138783483,0.9062473680546925,0.9374973222310368,0.9687472764073812,0.9999972305837255],"_type":"histogram","values":[251,115,99,127,112,107,141,111,103,92,92,93,103,104,84,74,90,98,72,61,73,74,74,80,77,75,60,67,84,92,67,77,69,82,79,62,85,77,75,86,80,85,74,82,93,98,90,92,112,104,127,109,103,110,100,101,81,124,125,128,96,94,104,188]},"_wandb":{"runtime":11}}