{"train_loss":0.2167781025607114,"val_loss":0.20841510968761268,"val_accuracy":0.8877,"_wandb":{"runtime":27},"train_accuracy":0.8796,"_timestamp":1.7727374545494268e+09,"_step":14,"_runtime":27,"epoch":15}