{"_runtime":116,"val_loss":2.3032987089642534,"_timestamp":1.7727287922600408e+09,"epoch":15,"_wandb":{"runtime":116},"_step":14,"train_accuracy":0.10333333333333333,"val_accuracy":0.1032,"train_loss":2.304270121650678}