{"val_accuracy":0.1135,"train_loss":0.8997185560500004,"_step":9,"val_loss":0.8996998116115532,"_wandb":{"runtime":21},"_runtime":21,"epoch":10,"_timestamp":1.7725756087240136e+09,"train_accuracy":0.11236666666666667}