{"_timestamp":1.7727361125843632e+09,"_wandb":{"runtime":29},"_step":14,"epoch":15,"val_loss":2.3010213718704455,"train_accuracy":0.11236666666666667,"train_loss":2.3011596669989203,"val_accuracy":0.1135,"_runtime":29}