{"_step":14,"train_accuracy":0.11236666666666667,"_timestamp":1.7727382956539645e+09,"val_loss":0.899717907048917,"epoch":15,"_runtime":23,"train_loss":0.8997319354067834,"val_accuracy":0.1135,"_wandb":{"runtime":23}}