{"val_loss":1.226627953178863,"train_accuracy":0.5650833333333334,"epoch":15,"val_accuracy":0.6033,"_runtime":24,"_wandb":{"runtime":24},"train_loss":1.2505184963375524,"_timestamp":1.7727871417427714e+09,"_step":14}