{"_wandb":{"runtime":14},"epoch":10,"_runtime":14,"_timestamp":1.77258609013027e+09,"val_loss":0.4628887470682315,"_step":9,"train_accuracy":0.8549333333333333,"val_accuracy":0.864,"train_loss":0.467406360417058}