{"_step":4694,"epoch":5,"train_loss":0.3014501286722007,"_wandb":{"runtime":11},"step":4689,"val_accuracy":0.9141,"relu_activation_distribution":{"values":[3493,381,314,287,224,203,156,147,126,97,103,86,68,56,57,39,30,34,28,29,24,28,15,11,11,10,7,9,8,4,5,7,3,9,4,3,3,1,1,4,2,3,0,2,2,1,0,3,1,0,1,0,0,1,0,0,0,0,0,1,1,0,0,1],"bins":[0,0.16461611368496687,0.32923222736993374,0.4938483410549006,0.6584644547398675,0.8230805684248343,0.9876966821098012,1.152312795794768,1.316928909479735,1.4815450231647018,1.6461611368496687,1.8107772505346356,1.9753933642196024,2.1400094779045693,2.304625591589536,2.469241705274503,2.63385781895947,2.798473932644437,2.9630900463294036,3.1277061600143705,3.2923222736993374,3.4569383873843043,3.621554501069271,3.786170614754238,3.950786728439205,4.115402842124172,4.280018955809139,4.4446350694941055,4.609251183179072,4.773867296864039,4.938483410549006,5.103099524233973,5.26771563791894,5.432331751603907,5.596947865288874,5.76156397897384,5.926180092658807,6.090796206343774,6.255412320028741,6.420028433713708,6.584644547398675,6.749260661083642,6.9138767747686085,7.078492888453575,7.243109002138542,7.407725115823509,7.572341229508476,7.736957343193443,7.90157345687841,8.066189570563377,8.230805684248343,8.39542179793331,8.560037911618277,8.724654025303245,8.889270138988211,9.053886252673177,9.218502366358145,9.383118480043112,9.547734593728078,9.712350707413044,9.876966821098012,10.04158293478298,10.206199048467946,10.370815162152912,10.53543127583788],"_type":"histogram"},"relu_grad_norm":2.2660117736468393,"_runtime":11,"_timestamp":1.7725609039294083e+09,"dead_neuron_percentage":4.6875}