{"val_accuracy":0.9579,"epoch":15,"train_accuracy":0.9674333333333334,"_wandb":{"runtime":18},"val_loss":0.20247546313606146,"train_loss":0.12931110534690507,"_runtime":18,"_step":14,"_timestamp":1.7727754983715196e+09}