{"_wandb":{"runtime":22},"train_loss":0.08704727925414747,"val_accuracy":0.9636,"_runtime":22,"_step":9,"epoch":10,"val_loss":0.1299769902657642,"train_accuracy":0.97185,"_timestamp":1.7721015651401148e+09}