{"train_loss":0.8656043122784464,"train_accuracy":0.6094833333333334,"val_accuracy":0.7488,"val_loss":0.8463067143832619,"_wandb":{"runtime":7},"_timestamp":1.7721077486741161e+09,"_runtime":7,"epoch":5,"_step":4}