{"val_accuracy":0.9748,"_step":9,"_runtime":20,"train_loss":0.04233590906190362,"_wandb":{"runtime":20},"_timestamp":1.7721339135625052e+09,"val_loss":0.08074420613066387,"epoch":10,"train_accuracy":0.9871333333333333}