{"_runtime":11,"val_loss":1.186774102795001,"epoch":10,"_wandb":{"runtime":11},"train_loss":1.198471269164187,"train_accuracy":0.6043166666666666,"val_accuracy":0.6263,"_step":9,"_timestamp":1.772108089189361e+09}