{"train_loss":0.07570349848837994,"val_accuracy":0.9699,"_timestamp":1.7721126812213454e+09,"train_accuracy":0.9766333333333334,"val_loss":0.1434781248109114,"_wandb":{"runtime":44},"epoch":10,"_step":9,"_runtime":44}