{"train_accuracy":0.9539333333333333,"_timestamp":1.7721325627385657e+09,"train_loss":0.17579453664308872,"_wandb":{"runtime":65},"_runtime":65,"_step":9,"val_loss":0.21834886355950875,"val_accuracy":0.9458,"epoch":10}