{"val_accuracy":0.1135,"train_accuracy":0.11236666666666667,"_step":9,"_runtime":7,"train_loss":0.8997188455024467,"val_loss":0.8996894097312533,"_timestamp":1.7725788277856221e+09,"_wandb":{"runtime":7},"epoch":10}