{"val_accuracy":0.1135,"_runtime":46,"val_loss":2.3010357647776183,"_wandb":{"runtime":46},"train_accuracy":0.11236666666666667,"_timestamp":1.7725834401138287e+09,"train_loss":2.301174468208954,"_step":9,"epoch":10}