{"val_loss":2.301013627184016,"train_accuracy":0.11236666666666667,"_runtime":11,"val_accuracy":0.1135,"_wandb":{"runtime":11},"_step":14,"_timestamp":1.7727016977102897e+09,"epoch":15,"train_loss":2.3011528614413157}