{"val_loss":1.7943999999999984,"_timestamp":1.772704789169934e+09,"_runtime":36,"val_accuracy":0.1028,"_wandb":{"runtime":36},"train_accuracy":0.10441666666666667,"epoch":15,"train_loss":1.7911666666666513,"_step":14}