{"train_accuracy":0.8956166666666666,"val_accuracy":0.9027,"train_loss":0.3648169959654578,"_runtime":51,"val_loss":0.35236718254889915,"_timestamp":1.7721120612292514e+09,"_step":4,"epoch":5,"_wandb":{"runtime":51}}