{"train_loss":3.2354210786169686,"epoch":10,"_runtime":93,"_step":9,"val_loss":3.245346760560975,"_wandb":{"runtime":93},"val_accuracy":0.101,"_timestamp":1.7725674495926397e+09,"train_accuracy":0.10095}