{"epoch":15,"train_accuracy":0.9487666666666666,"_step":14,"val_accuracy":0.9471,"_runtime":8,"_wandb":{"runtime":8},"train_loss":0.1745601761377017,"val_loss":0.17828022810696786,"_timestamp":1.772696936734479e+09}