{"train_loss":2.304134396632403,"train_accuracy":0.10946666666666667,"val_accuracy":0.0958,"_timestamp":1.772582491491142e+09,"epoch":10,"_wandb":{"runtime":33},"_runtime":33,"val_loss":2.3043071565679165,"_step":9}