{"val_accuracy":0.1135,"_runtime":38,"epoch":15,"val_loss":0.8996933254923127,"_step":14,"train_loss":0.8997224767999182,"train_accuracy":0.11236666666666667,"_timestamp":1.772775228421253e+09,"_wandb":{"runtime":38}}