{"train_accuracy":0.9290666666666667,"val_accuracy":0.9257,"epoch":15,"val_loss":0.49241635460702016,"train_loss":0.46434436754440817,"_step":14,"_wandb":{"runtime":97},"_runtime":97,"_timestamp":1.772764549959136e+09}