{"_wandb":{"runtime":41},"train_loss":0.12842235822301284,"val_accuracy":0.9563,"_step":14,"val_loss":0.1622933910485235,"train_accuracy":0.96075,"epoch":15,"_timestamp":1.7727605591434903e+09,"_runtime":41}