{"_runtime":32,"epoch":15,"val_accuracy":0.3182,"_step":14,"train_loss":0.7741081459816442,"train_accuracy":0.2893833333333333,"_wandb":{"runtime":32},"_timestamp":1.7727275744464235e+09,"val_loss":0.7763284118893146}