{"epoch":10,"_wandb":{"runtime":78},"train_loss":1.7752666666665768,"val_accuracy":0.1135,"val_loss":1.7729999999999104,"_timestamp":1.7725776479265509e+09,"_step":9,"train_accuracy":0.11236666666666667,"_runtime":78}