{"val_accuracy":0.1135,"epoch":15,"_runtime":84,"train_accuracy":0.11236666666666667,"train_loss":0.8997124460822487,"_step":14,"_wandb":{"runtime":84},"val_loss":0.8996821177446395,"_timestamp":1.772725041616145e+09}