{"epoch":10,"train_accuracy":0.10898333333333333,"val_accuracy":0.1028,"val_loss":0.9000705128405434,"_wandb":{"runtime":22},"_runtime":22,"_timestamp":1.7725825718921058e+09,"train_loss":0.8999863923503161,"_step":9}