{"_wandb":{"runtime":21},"epoch":15,"val_loss":0.1092525959760224,"_timestamp":1.772730487580264e+09,"_step":14,"val_accuracy":0.966,"train_loss":0.08279378607325318,"train_accuracy":0.9743,"_runtime":21}