{"train_accuracy":0.20391666666666666,"val_loss":2.2585935048656505,"val_accuracy":0.2125,"train_loss":2.2594360784892316,"_timestamp":1.7727376962170181e+09,"_wandb":{"runtime":36},"_step":14,"epoch":15,"_runtime":36}