{"train_loss":0.8998942514388757,"val_accuracy":0.1028,"_step":9,"_wandb":{"runtime":25},"train_accuracy":0.10788333333333333,"val_loss":0.8998858881281905,"_runtime":25,"epoch":10,"_timestamp":1.7725688532986999e+09}