{"_step":9,"train_loss":0.8997278183102376,"_runtime":6,"train_accuracy":0.11236666666666667,"val_accuracy":0.1135,"_wandb":{"runtime":6},"epoch":10,"val_loss":0.8997192767197026,"_timestamp":1.7725740603281848e+09}