{"val_loss":0.08676311836994278,"_step":14,"epoch":15,"train_accuracy":0.9464666666666667,"val_accuracy":0.9434,"_wandb":{"runtime":42},"train_loss":0.0796898827675689,"_timestamp":1.7727281749960077e+09,"_runtime":42}