{"_step":9,"val_loss":0.899694416062241,"train_loss":0.8997181256851293,"train_accuracy":0.11236666666666667,"_runtime":63,"epoch":10,"val_accuracy":0.1135,"_timestamp":1.7725800346573377e+09,"_wandb":{"runtime":63}}