{"_wandb":{"runtime":22},"_step":14,"val_loss":0.8087684997737575,"train_accuracy":0.36393333333333333,"val_accuracy":0.3626,"epoch":15,"_timestamp":1.7726973047179303e+09,"train_loss":0.8093051939117519,"_runtime":22}