{"epoch":15,"train_accuracy":0.10398333333333333,"_wandb":{"runtime":43},"val_loss":0.9009640734452525,"val_accuracy":0.1032,"_step":14,"train_loss":0.9011941338096434,"_timestamp":1.772764897623433e+09,"_runtime":43}