{"epoch":10,"train_accuracy":0.11236666666666667,"_step":9,"train_loss":0.8999727274528865,"_runtime":6,"_wandb":{"runtime":6},"val_loss":0.8999713349873051,"_timestamp":1.7725697364707727e+09,"val_accuracy":0.1135}