{"epoch":15,"_runtime":59,"val_loss":2.3021699675948333,"train_accuracy":0.11121666666666667,"_step":14,"train_loss":2.302049045659382,"_wandb":{"runtime":59},"val_accuracy":0.1135,"_timestamp":1.7727623334908335e+09}