{"val_accuracy":0.2365,"_runtime":14,"train_loss":0.8923332542277477,"train_accuracy":0.21531666666666666,"_wandb":{"runtime":14},"epoch":10,"_timestamp":1.7725759566971102e+09,"_step":9,"val_loss":0.8919920626423473}