{"_timestamp":1.7725687188337297e+09,"_wandb":{"runtime":77},"val_loss":0.8998436551711484,"val_accuracy":0.1135,"epoch":10,"_runtime":77,"train_loss":0.8999447838152411,"train_accuracy":0.109,"_step":9}