{"epoch":10,"train_accuracy":0.9811333333333333,"_runtime":13,"_wandb":{"runtime":13},"val_accuracy":0.9662,"_timestamp":1.7721402235768118e+09,"_step":9,"train_loss":0.05009767853617743,"val_loss":0.13867452900555283}