{"train_accuracy":0.9759,"val_accuracy":0.9641,"_timestamp":1.772109311197933e+09,"train_loss":0.05689586866534068,"val_loss":0.1316602335026795,"_wandb":{"runtime":4},"_step":4,"epoch":5,"_runtime":4}