{"val_loss":0.899679227557782,"_runtime":11,"epoch":10,"train_accuracy":0.11236666666666667,"val_accuracy":0.1135,"_timestamp":1.7725774691281888e+09,"train_loss":0.8997136777298096,"_wandb":{"runtime":11},"_step":9}