{"_runtime":8,"_timestamp":1.7725772056433632e+09,"_wandb":{"runtime":8},"val_loss":2.306646068589845,"_step":9,"train_loss":2.305563089794949,"val_accuracy":0.1028,"epoch":10,"train_accuracy":0.10418333333333334}