{"_step":9,"_timestamp":1.772584472444324e+09,"_runtime":65,"epoch":10,"val_accuracy":0.1135,"_wandb":{"runtime":65},"train_loss":2.301498855916915,"val_loss":2.3014660838878287,"train_accuracy":0.11236666666666667}