{"_runtime":27,"train_loss":0.0027656587595798012,"val_loss":0.004693030612246056,"val_accuracy":0.9707,"_timestamp":1.772113323203004e+09,"_step":9,"epoch":10,"_wandb":{"runtime":27}}