{"_runtime":9,"first_layer_grad_norm":0.8131962395621694,"_timestamp":1.77253429482664e+09,"_step":5627,"step":5627,"_wandb":{"runtime":9}}