{"_wandb":{"runtime":16},"_runtime":16,"val_accuracy":0.1135,"_step":9,"epoch":10,"train_loss":0.8997127669055468,"_timestamp":1.77257389102609e+09,"val_loss":0.8996787801543149,"train_accuracy":0.11236666666666667}