{"train_loss":0.03820697058653045,"val_loss":0.10276982608817362,"_wandb":{"runtime":49},"train_accuracy":0.9836833333333334,"_step":4,"val_accuracy":0.972,"epoch":5,"_timestamp":1.7721047121181076e+09,"_runtime":49}