{"train_loss":2.301376298225467,"_timestamp":1.7727719300949118e+09,"val_accuracy":0.1135,"_runtime":20,"train_accuracy":0.11236666666666667,"_step":14,"val_loss":2.3014252391741246,"epoch":15,"_wandb":{"runtime":20}}