{"_step":14,"_wandb":{"runtime":15},"val_accuracy":0.9724,"train_loss":0.03993531484927759,"epoch":15,"_timestamp":1.772734516232226e+09,"train_accuracy":0.9879166666666667,"_runtime":15,"val_loss":0.09143430506677312}