{"epoch":10,"_step":9,"val_loss":2.3017233801589136,"_wandb":{"runtime":20},"val_accuracy":0.1135,"train_loss":2.301499651971466,"_timestamp":1.77258684594182e+09,"train_accuracy":0.11195,"_runtime":20}