{"val_accuracy":0.9735,"_step":9,"val_loss":0.08602170122555748,"_timestamp":1.7721372663482969e+09,"train_loss":0.04453597111471485,"_wandb":{"runtime":63},"_runtime":63,"epoch":10,"train_accuracy":0.9857666666666667}