{"_runtime":26,"_timestamp":1.7726950278709888e+09,"epoch":15,"val_loss":0.11680434981009992,"_wandb":{"runtime":26},"train_loss":0.09773806244993948,"val_accuracy":0.9641,"_step":14,"train_accuracy":0.9694166666666667}