{"_wandb":{"runtime":20},"val_loss":0.8997767162743244,"_timestamp":1.7725765666157713e+09,"train_loss":0.899836386903774,"_runtime":20,"_step":9,"train_accuracy":0.10825,"val_accuracy":0.1135,"epoch":10}