{"val_accuracy":0.9778,"_step":14,"_runtime":19,"epoch":15,"train_loss":0.019567848394150184,"val_loss":0.07011586723899135,"_wandb":{"runtime":19},"_timestamp":1.772762523816939e+09,"train_accuracy":0.9944833333333334}