{"val_loss":0.15437252565658005,"_timestamp":1.772729359940632e+09,"train_loss":0.1146451737192406,"_runtime":14,"_wandb":{"runtime":14},"val_accuracy":0.9564,"train_accuracy":0.9659666666666666,"epoch":15,"_step":14}