{"_runtime":53,"val_accuracy":0.7963,"val_loss":0.6880033975080933,"epoch":10,"train_loss":0.7043980512798763,"train_accuracy":0.7655333333333333,"_timestamp":1.7721012764848592e+09,"_step":9,"_wandb":{"runtime":53}}