{"_timestamp":1.7727320069832292e+09,"_wandb":{"runtime":82},"_step":14,"train_loss":2.3014370987785364,"train_accuracy":0.11205,"_runtime":82,"val_loss":2.301634558393597,"epoch":15,"val_accuracy":0.1135}