{"val_accuracy":0.9754,"epoch":10,"_step":9,"_timestamp":1.7725765312963965e+09,"train_accuracy":0.9872666666666666,"val_loss":0.0901122011211487,"_runtime":13,"train_loss":0.029614718663562925,"_wandb":{"runtime":13}}