{"_wandb":{"runtime":18},"val_accuracy":0.949,"_runtime":18,"train_accuracy":0.96345,"_step":14,"train_loss":0.05641880584265667,"val_loss":0.07855774453916452,"epoch":15,"_timestamp":1.772697366888095e+09}