{"_runtime":70,"val_accuracy":0.9481,"train_loss":0.16893367349974514,"_wandb":{"runtime":70},"_timestamp":1.7721388861074378e+09,"_step":9,"train_accuracy":0.9519333333333333,"val_loss":0.2113903827144995,"epoch":10}