{"train_accuracy":0.10538333333333333,"_timestamp":1.772729319897168e+09,"epoch":15,"_wandb":{"runtime":110},"_step":14,"_runtime":110,"val_loss":2.3033122311282272,"train_loss":2.3030765865077303,"val_accuracy":0.1135}