{"_wandb":{"runtime":21},"_step":14,"val_accuracy":0.1032,"epoch":15,"train_loss":2.302674568886649,"train_accuracy":0.10741666666666666,"val_loss":2.3021896054813102,"_timestamp":1.7727763635093682e+09,"_runtime":21}