{"_step":14,"train_loss":0.04243834851083498,"train_accuracy":0.9717,"_wandb":{"runtime":19},"epoch":15,"val_accuracy":0.9662,"val_loss":0.053344500969398224,"_timestamp":1.7726954815125241e+09,"_runtime":19}