{"val_accuracy":0.9505,"_timestamp":1.7727282186394284e+09,"train_accuracy":0.9525666666666667,"val_loss":0.16401234763569056,"_step":14,"train_loss":0.1567810588926835,"_runtime":21,"epoch":15,"_wandb":{"runtime":21}}