{"_timestamp":1.7721384286050854e+09,"train_loss":0.11811687863368002,"_step":9,"val_accuracy":0.9598,"_wandb":{"runtime":33},"train_accuracy":0.9644166666666667,"_runtime":33,"val_loss":0.13294392697582486,"epoch":10}