{"_runtime":46,"val_loss":2.301204497295871,"train_loss":2.301235189219036,"_wandb":{"runtime":46},"train_accuracy":0.11236666666666667,"val_accuracy":0.1135,"_timestamp":1.7727375191666276e+09,"_step":14,"epoch":15}