{"_wandb":{"runtime":28},"_runtime":28,"_step":9,"train_loss":0.051211714099338154,"epoch":10,"val_loss":0.13044146813101173,"train_accuracy":0.98135,"val_accuracy":0.9646,"_timestamp":1.7721013243152683e+09}