{"_timestamp":1.7720960908072875e+09,"val_loss":2.1542389454705035,"train_accuracy":0.3279666666666667,"_wandb":{"runtime":3},"val_accuracy":0.3489,"epoch":5,"train_loss":2.1524116684515295,"_runtime":3,"_step":4}