{"_runtime":28,"_step":14,"epoch":15,"val_loss":0.8997412125450124,"val_accuracy":0.1135,"_timestamp":1.77273227229919e+09,"_wandb":{"runtime":28},"train_accuracy":0.11236666666666667,"train_loss":0.8997773300093694}