{"_wandb":{"runtime":17},"_step":9,"val_loss":0.058775269464687425,"epoch":10,"val_accuracy":0.9638,"train_loss":0.03533977316801948,"_timestamp":1.7725690690049675e+09,"_runtime":17,"train_accuracy":0.9781166666666666}