{"_timestamp":1.7727253803167508e+09,"epoch":15,"train_accuracy":0.11185,"_runtime":43,"val_accuracy":0.1135,"_wandb":{"runtime":43},"_step":14,"train_loss":2.3014836851038756,"val_loss":2.301445052530776}