{"_wandb":{"runtime":26},"train_loss":0.3606858260491667,"_timestamp":1.7727261827382762e+09,"epoch":15,"train_accuracy":0.8985,"val_loss":0.34519048121973256,"_step":14,"_runtime":26,"val_accuracy":0.9049}