{"_step":14,"_timestamp":1.7727017888657577e+09,"epoch":15,"val_loss":0.8996886354240341,"train_accuracy":0.11236666666666667,"val_accuracy":0.1135,"train_loss":0.8997118690961193,"_wandb":{"runtime":16},"_runtime":16}