{"_wandb":{"runtime":7},"_runtime":7,"_timestamp":1.7725366137384424e+09,"_step":5627,"step":5627,"first_layer_grad_norm":0.08483974188940552}