{"_wandb":{"runtime":24},"val_loss":0.15698366198107536,"val_accuracy":0.9633,"epoch":5,"_runtime":24,"_timestamp":1.772105374684923e+09,"train_loss":0.09970466908246116,"_step":4,"train_accuracy":0.9656833333333333}