{"_step":14,"val_accuracy":0.8883,"epoch":15,"_timestamp":1.7727751674988718e+09,"val_loss":0.1820728331541885,"train_loss":0.1870323717729883,"train_accuracy":0.88335,"_wandb":{"runtime":24},"_runtime":24}