{"_step":9,"epoch":10,"val_loss":0.1253511053978121,"val_accuracy":0.9701,"train_loss":0.04884321240282238,"_wandb":{"runtime":29},"_timestamp":1.772572579013136e+09,"_runtime":29,"train_accuracy":0.9847333333333333}