{"train_accuracy":0.9258333333333333,"_step":14,"_wandb":{"runtime":28},"train_loss":0.1200253702579505,"val_accuracy":0.9232,"_runtime":28,"val_loss":0.12389169372203514,"epoch":15,"_timestamp":1.7727607957434986e+09}