{"val_loss":0.8997882865351181,"_runtime":59,"_wandb":{"runtime":59},"train_accuracy":0.11133333333333334,"epoch":15,"val_accuracy":0.1135,"_timestamp":1.7727709730750995e+09,"_step":14,"train_loss":0.8997807878294003}