{"epoch":10,"train_loss":1.1909847605701407,"val_loss":1.178998134359877,"val_accuracy":0.6957,"_timestamp":1.772694290188251e+09,"_step":9,"_wandb":{"runtime":13},"_runtime":13}