{"_step":9,"train_loss":0.901716087038822,"_timestamp":1.7725656174876664e+09,"epoch":10,"_runtime":9,"train_accuracy":0.5992,"val_loss":0.9137066547653274,"_wandb":{"runtime":9},"val_accuracy":0.6924}