{"val_accuracy":0.9665,"_runtime":100,"train_accuracy":0.9751333333333333,"_timestamp":1.7721123274173343e+09,"epoch":5,"_wandb":{"runtime":100},"val_loss":0.13634429740912435,"_step":4,"train_loss":0.0748631481879695}