{"val_accuracy":0.9682,"_timestamp":1.772722768034515e+09,"_step":9,"epoch":10,"train_loss":0.03551269902940962,"val_loss":0.04837310160193599,"_runtime":8,"_wandb":{"runtime":8}}