{"val_loss":0.06416238336038155,"_step":14,"train_loss":0.04143465023089197,"train_accuracy":0.97555,"_timestamp":1.7727750556719055e+09,"val_accuracy":0.9585,"epoch":15,"_runtime":29,"_wandb":{"runtime":29}}