{"val_loss":0.899751710481368,"_timestamp":1.7725727500383656e+09,"_wandb":{"runtime":54},"epoch":10,"val_accuracy":0.1135,"_step":9,"train_accuracy":0.11236666666666667,"_runtime":54,"train_loss":0.8997663611556059}