{"train_accuracy":0.1034,"val_accuracy":0.1135,"epoch":15,"_timestamp":1.772786348620678e+09,"_step":14,"_wandb":{"runtime":53},"_runtime":53,"val_loss":2.309467908653418,"train_loss":2.310350617457835}