{"_step":9,"_runtime":9,"_wandb":{"runtime":9},"train_loss":0.8997515419250633,"epoch":10,"val_loss":0.8997256464221267,"val_accuracy":0.1135,"_timestamp":1.7725716248508077e+09,"train_accuracy":0.11045}