{"_step":14,"train_accuracy":0.8916833333333334,"val_accuracy":0.9042,"_wandb":{"runtime":60},"_timestamp":1.7727630721795468e+09,"train_loss":0.3556099579265464,"val_loss":0.36234203055981495,"epoch":15,"_runtime":60}