{"_runtime":45,"epoch":10,"train_loss":2.301695466990184,"val_accuracy":0.1135,"_timestamp":1.7725755779822176e+09,"train_accuracy":0.11236666666666667,"val_loss":2.3016420156713697,"_wandb":{"runtime":45},"_step":9}