{"train_accuracy":0.9693833333333334,"_timestamp":1.772697728049579e+09,"_wandb":{"runtime":25},"_runtime":25,"val_accuracy":0.9582,"epoch":15,"val_loss":0.1629434027982161,"_step":14,"train_loss":0.09433478758349308}