{"train_accuracy":0.3148,"train_loss":0.7881647320782775,"epoch":10,"_wandb":{"runtime":53},"val_loss":0.7864918868279819,"val_accuracy":0.3081,"_runtime":53,"_step":9,"_timestamp":1.772578173683003e+09}