{"val_loss":2.301010730200493,"_step":14,"_runtime":52,"train_accuracy":0.11236666666666667,"val_accuracy":0.1135,"epoch":15,"_wandb":{"runtime":52},"_timestamp":1.772737826511986e+09,"train_loss":2.3011819504531106}