{"_step":14,"epoch":15,"val_accuracy":0.1135,"_timestamp":1.7727762011191168e+09,"_wandb":{"runtime":27},"train_accuracy":0.11236666666666667,"train_loss":0.8997127257409364,"val_loss":0.8996866668948753,"_runtime":27}