{"_step":9,"val_loss":0.0642456045865768,"val_accuracy":0.9622,"epoch":10,"train_accuracy":0.9702666666666667,"_wandb":{"runtime":18},"_timestamp":1.772586156013687e+09,"train_loss":0.04665620899360837,"_runtime":18}