{"_wandb":{"runtime":12},"epoch":15,"train_accuracy":0.985,"_timestamp":1.7727295019989052e+09,"train_loss":0.03945126555037589,"val_loss":0.1438524965300356,"_runtime":12,"val_accuracy":0.9686,"_step":14}