{"_timestamp":1.772774717622098e+09,"train_accuracy":0.11236666666666667,"val_accuracy":0.1135,"epoch":15,"val_loss":2.3008282909072024,"_step":14,"_wandb":{"runtime":26},"_runtime":26,"train_loss":2.3009132285810625}