{"train_accuracy":0.11236666666666667,"val_loss":2.3010325271905776,"_step":9,"epoch":10,"_wandb":{"runtime":36},"val_accuracy":0.1135,"_timestamp":1.772576733014157e+09,"_runtime":36,"train_loss":2.301159681003684}