{"_step":14,"val_accuracy":0.101,"_wandb":{"runtime":48},"val_loss":2.3022170061228624,"_timestamp":1.7727862784625502e+09,"_runtime":48,"train_accuracy":0.10848333333333333,"epoch":15,"train_loss":2.3020690225847202}