{"val_accuracy":0.9575,"epoch":10,"_timestamp":1.7725632683372562e+09,"val_loss":0.1560401823943781,"train_accuracy":0.9587833333333333,"_wandb":{"runtime":16},"_step":9,"train_loss":0.14081754797959523,"_runtime":16}