{"val_accuracy":0.9788,"_wandb":{"runtime":40},"val_loss":0.08620186359510494,"train_accuracy":0.99325,"_step":9,"_timestamp":1.7721080197046804e+09,"train_loss":0.012052064067371276,"epoch":10,"_runtime":40}