{"val_accuracy":0.9076,"_wandb":{"runtime":19},"epoch":15,"_runtime":19,"train_loss":0.14659158805199762,"val_loss":0.14344529888250868,"_timestamp":1.772695103372732e+09,"_step":14,"train_accuracy":0.9050666666666667}