{"val_accuracy":0.9712,"train_accuracy":0.9789,"val_loss":0.04524976439359954,"_timestamp":1.7727770055036495e+09,"train_loss":0.03435018428916301,"_wandb":{"runtime":39},"_runtime":39,"_step":14,"epoch":15}