{"val_loss":2.3009233730191214,"_step":14,"_runtime":17,"val_accuracy":0.1135,"_timestamp":1.7727300509619281e+09,"train_accuracy":0.11218333333333333,"epoch":15,"_wandb":{"runtime":17},"train_loss":2.3012826373479545}