{"_runtime":46,"epoch":15,"train_loss":2.301162484146362,"_wandb":{"runtime":46},"val_loss":2.3009987481836904,"val_accuracy":0.1135,"train_accuracy":0.11236666666666667,"_timestamp":1.7727785649270427e+09,"_step":14}