{"val_accuracy":0.9656,"train_accuracy":0.9687,"epoch":10,"_wandb":{"runtime":22},"_runtime":22,"_timestamp":1.772581160346025e+09,"train_loss":0.04658760135853329,"_step":9,"val_loss":0.05441613288262913}