{"val_accuracy":0.4221,"epoch":10,"_timestamp":1.7721013602979205e+09,"_step":9,"_runtime":17,"_wandb":{"runtime":17},"val_loss":1.3603900483153488,"train_accuracy":0.4256666666666667,"train_loss":1.3497757875947907}