{"_wandb":{"runtime":5},"_timestamp":1.7725814653723626e+09,"val_accuracy":0.9562,"val_loss":0.0690662655285373,"_runtime":5,"_step":9,"train_loss":0.04978419556096369,"epoch":10,"train_accuracy":0.9710333333333333}