{"_runtime":11,"_wandb":{"runtime":11},"_step":9,"epoch":10,"train_accuracy":0.8928833333333334,"val_loss":0.17883832634058755,"val_accuracy":0.8925,"train_loss":0.18379231880890295,"_timestamp":1.7725750175520968e+09}