{"train_accuracy":0.11236666666666667,"_wandb":{"runtime":53},"_runtime":53,"epoch":15,"val_loss":2.3011168788212446,"val_accuracy":0.1135,"_timestamp":1.7727365571009903e+09,"_step":14,"train_loss":2.3012223638903984}