{"_runtime":25,"train_loss":2.301435714607412,"val_accuracy":0.1135,"_wandb":{"runtime":25},"_timestamp":1.7725770884408433e+09,"train_accuracy":0.11221666666666667,"val_loss":2.3013761329217517,"_step":9,"epoch":10}