{"train_accuracy":0.9761833333333333,"val_loss":0.06521480822707827,"val_accuracy":0.9622,"_wandb":{"runtime":54},"_step":9,"epoch":10,"train_loss":0.048984107165874806,"_runtime":54,"_timestamp":1.7725657491069064e+09}