{"train_accuracy":0.9038666666666667,"val_loss":0.18370694483417646,"val_accuracy":0.8924,"_wandb":{"runtime":63},"_timestamp":1.7727381314760273e+09,"epoch":15,"_step":14,"train_loss":0.16893189050154908,"_runtime":63}