{"train_loss":0.8996044943723126,"val_loss":0.8995629791847386,"train_accuracy":0.11236666666666667,"val_accuracy":0.1135,"epoch":15,"_runtime":17,"_step":14,"_timestamp":1.7726972726054747e+09,"_wandb":{"runtime":17}}