{"train_loss":0.09667068120195037,"_wandb":{"runtime":37},"_runtime":37,"_timestamp":1.7725784870217624e+09,"epoch":10,"train_accuracy":0.9264,"val_accuracy":0.9348,"_step":9,"val_loss":0.10098777363036097}