{"epoch":10,"train_accuracy":0.9208166666666666,"val_loss":0.2639287262634318,"_wandb":{"runtime":37},"_runtime":37,"_step":9,"train_loss":0.2671428310819519,"val_accuracy":0.9241,"_timestamp":1.7725831254154713e+09}