{"epoch":15,"_wandb":{"runtime":22},"_timestamp":1.7727837785214715e+09,"val_loss":0.11015817507439081,"_step":14,"train_accuracy":0.9840666666666666,"_runtime":22,"val_accuracy":0.9733,"train_loss":0.05353281749130201}