{"train_loss":0.06995485773106877,"val_accuracy":0.9704,"train_accuracy":0.9742166666666666,"_timestamp":1.7721091461984272e+09,"epoch":5,"val_loss":0.09987730405721094,"_wandb":{"runtime":5},"_runtime":5,"_step":4}