{"epoch":15,"val_loss":0.13666945607652964,"_timestamp":1.7727392415950685e+09,"_step":14,"_wandb":{"runtime":20},"train_accuracy":0.9099166666666667,"val_accuracy":0.9167,"train_loss":0.14289964972096222,"_runtime":20}