{"val_loss":0.07423135051153774,"_step":9,"val_accuracy":0.9575,"train_loss":0.055470142870674394,"train_accuracy":0.9654833333333334,"_timestamp":1.7725700013287222e+09,"_runtime":12,"epoch":10,"_wandb":{"runtime":12}}