{"_runtime":28,"train_accuracy":0.09915,"val_accuracy":0.1009,"epoch":15,"_timestamp":1.7727780303832743e+09,"_wandb":{"runtime":28},"val_loss":1.7982,"_step":14,"train_loss":1.8017}