{"_step":14,"train_accuracy":0.27225,"epoch":15,"val_loss":0.8907173527118252,"_wandb":{"runtime":25},"_runtime":25,"val_accuracy":0.2726,"_timestamp":1.7727234549626746e+09,"train_loss":0.8908525867277092}