{"epoch":15,"val_loss":0.09172027206850016,"val_accuracy":0.9491,"_wandb":{"runtime":43},"_timestamp":1.7727675004304547e+09,"_runtime":43,"train_loss":0.07660724675616815,"_step":14,"train_accuracy":0.9521833333333334}