{"val_loss":0.0950308918223383,"_runtime":39,"train_accuracy":0.9403166666666667,"val_accuracy":0.9378,"_wandb":{"runtime":39},"_step":14,"epoch":15,"train_loss":0.09281619235463152,"_timestamp":1.7727723399061713e+09}