{"_runtime":14,"_step":9,"epoch":10,"train_loss":0.06049463302229484,"val_loss":0.12847216899742384,"val_accuracy":0.9658,"_timestamp":1.772112799788192e+09,"_wandb":{"runtime":14}}