{"_wandb":{"runtime":15},"_runtime":15,"train_loss":2.3013771584064204,"epoch":15,"_step":14,"train_accuracy":0.1114,"val_loss":2.300880328087744,"_timestamp":1.7726970698594363e+09,"val_accuracy":0.1135}