{"val_accuracy":0.1135,"_step":14,"_timestamp":1.7727360628102522e+09,"_runtime":53,"train_loss":0.8997115519753448,"val_loss":0.8996835879147193,"_wandb":{"runtime":53},"epoch":15,"train_accuracy":0.11236666666666667}