{"_runtime":41,"val_loss":2.3010665415138694,"_wandb":{"runtime":41},"_step":14,"train_accuracy":0.11236666666666667,"epoch":15,"train_loss":2.301187160273583,"val_accuracy":0.1135,"_timestamp":1.7727333691894264e+09}