{"_step":9,"train_accuracy":0.9259333333333334,"val_accuracy":0.9282,"_runtime":21,"val_loss":0.11361025986381974,"_wandb":{"runtime":21},"epoch":10,"train_loss":0.10746377749130182,"_timestamp":1.7725771250542998e+09}