{"_runtime":23,"train_accuracy":0.11135,"_wandb":{"runtime":23},"_step":14,"epoch":15,"val_loss":2.30172673913622,"val_accuracy":0.098,"_timestamp":1.77269723932433e+09,"train_loss":2.301838538386366}