{"_runtime":29,"val_accuracy":0.9723,"val_loss":0.04141561406339421,"_step":14,"train_accuracy":0.9848666666666667,"epoch":15,"_wandb":{"runtime":29},"_timestamp":1.7727027055807402e+09,"train_loss":0.02320323668409481}