{"train_loss":0.8996371471940601,"train_accuracy":0.11236666666666667,"epoch":15,"_timestamp":1.7726968804058537e+09,"val_loss":0.8996064355156421,"_wandb":{"runtime":43},"_runtime":43,"val_accuracy":0.1135,"_step":14}