{"_wandb":{"runtime":25},"val_loss":0.8996857713984995,"epoch":10,"_runtime":25,"val_accuracy":0.1135,"_step":9,"train_loss":0.8997120363937356,"train_accuracy":0.11236666666666667,"_timestamp":1.7725702068221319e+09}