{"val_accuracy":0.1135,"epoch":15,"_wandb":{"runtime":58},"_timestamp":1.7727280305571377e+09,"train_accuracy":0.11236666666666667,"_runtime":58,"train_loss":2.3010384595781206,"_step":14,"val_loss":2.300905784800885}