{"_wandb":{"runtime":25},"val_loss":0.8996633329631694,"val_accuracy":0.1135,"epoch":15,"train_loss":0.899727856241525,"_timestamp":1.772778501104415e+09,"_runtime":25,"train_accuracy":0.11236666666666667,"_step":14}