{"epoch":15,"train_loss":0.8999089921652458,"_step":14,"_wandb":{"runtime":16},"_runtime":16,"train_accuracy":0.11236666666666667,"val_accuracy":0.1135,"val_loss":0.8999041337808081,"_timestamp":1.7727815937033944e+09}