{"_step":9,"_wandb":{"runtime":12},"train_loss":0.22337375652552638,"train_accuracy":0.8729333333333333,"val_loss":0.21236211543845637,"val_accuracy":0.884,"epoch":10,"_runtime":12,"_timestamp":1.7725851013898485e+09}