{"_wandb":{"runtime":40},"val_accuracy":0.8896,"_timestamp":1.7727606672762642e+09,"_runtime":40,"_step":14,"train_loss":0.17534286934846857,"train_accuracy":0.8830666666666667,"val_loss":0.17004076547188887,"epoch":15}