{"val_accuracy":0.9667,"_wandb":{"runtime":67},"_runtime":67,"val_loss":0.1325973354341893,"train_loss":0.058376166160974116,"train_accuracy":0.9798166666666667,"epoch":10,"_timestamp":1.7720965924939554e+09,"_step":9}