{"train_accuracy":0.998,"_step":9,"_runtime":14,"_timestamp":1.7721352278749638e+09,"epoch":10,"_wandb":{"runtime":14},"val_loss":0.07996622356068406,"train_loss":0.009166905081272127,"val_accuracy":0.977}