{"_timestamp":1.772786138105877e+09,"val_accuracy":0.1028,"_step":14,"epoch":15,"val_loss":0.8999975690195638,"train_loss":0.8999716221509265,"train_accuracy":0.11153333333333333,"_wandb":{"runtime":47},"_runtime":47}