{"_runtime":8,"epoch":10,"val_loss":0.8996752547879012,"train_loss":0.8997155165442089,"val_accuracy":0.1135,"_step":9,"_timestamp":1.7725670619336817e+09,"train_accuracy":0.11236666666666667,"_wandb":{"runtime":8}}