{"_step":14,"epoch":15,"val_loss":0.8998591624814557,"val_accuracy":0.1135,"_wandb":{"runtime":32},"train_accuracy":0.11056666666666666,"_timestamp":1.7727756347039835e+09,"train_loss":0.899831275931688,"_runtime":32}