{"_wandb":{"runtime":21},"_step":14,"epoch":15,"_runtime":21,"_timestamp":1.7727684835318372e+09,"val_loss":0.04100290951234893,"val_accuracy":0.9728,"train_accuracy":0.9919333333333333,"train_loss":0.013139594582181901}