{"step":2813,"first_layer_grad_norm":0.1401702648600193,"_timestamp":1.77211104237966e+09,"_wandb":{"runtime":12},"_runtime":12,"_step":2813}