{"_runtime":15,"epoch":10,"_wandb":{"runtime":15},"train_loss":0.06350354018369606,"train_accuracy":0.9806833333333334,"val_loss":0.09233875002165126,"val_accuracy":0.9717,"_timestamp":1.7721335371059384e+09,"_step":9}