{"epoch":15,"_step":14,"val_accuracy":0.9056,"train_accuracy":0.9006666666666666,"val_loss":0.15313473563513566,"_wandb":{"runtime":50},"_runtime":50,"train_loss":0.14811870048589212,"_timestamp":1.7727389455129974e+09}