{"_step":14,"epoch":15,"train_accuracy":0.8895333333333333,"val_accuracy":0.8862,"train_loss":0.6539742169619023,"val_loss":0.7095673416177894,"_wandb":{"runtime":40},"_timestamp":1.7727245770657258e+09,"_runtime":40}