{"_wandb":{"runtime":20},"_step":9,"epoch":10,"val_accuracy":0.1135,"_timestamp":1.77258606479472e+09,"_runtime":20,"val_loss":2.3011397937056826,"train_loss":2.301277175545412,"train_accuracy":0.11221666666666667}