{"val_loss":0.9000546914614821,"_timestamp":1.772571295039835e+09,"_wandb":{"runtime":23},"_runtime":23,"epoch":10,"_step":9,"val_accuracy":0.101,"train_loss":0.9000633283053973,"train_accuracy":0.1108}