{"val_loss":0.09497912820686834,"epoch":15,"_runtime":12,"train_accuracy":0.9418333333333333,"_wandb":{"runtime":12},"_step":14,"val_accuracy":0.9374,"train_loss":0.09056011613434015,"_timestamp":1.7727666853052864e+09}