{"val_accuracy":0.9672,"train_loss":0.02648890835503257,"val_loss":0.05138850712708202,"_timestamp":1.7727290772188306e+09,"_wandb":{"runtime":15},"_runtime":15,"train_accuracy":0.9831666666666666,"_step":14,"epoch":15}