{"train_loss":2.3058406791056796,"val_loss":2.306501625989923,"val_accuracy":0.0974,"train_accuracy":0.10738333333333333,"epoch":15,"_step":14,"_timestamp":1.772733698962448e+09,"_runtime":99,"_wandb":{"runtime":99}}