{"_timestamp":1.7725746569382293e+09,"val_loss":2.3015951637194347,"epoch":10,"_wandb":{"runtime":48},"val_accuracy":0.1028,"_step":9,"_runtime":48,"train_loss":2.301614751341452,"train_accuracy":0.10821666666666667}