{"train_accuracy":0.6756666666666666,"val_loss":0.6034458397749112,"_step":14,"train_loss":0.6060870046486134,"_timestamp":1.7727699866587174e+09,"val_accuracy":0.6872,"_runtime":13,"epoch":15,"_wandb":{"runtime":13}}