{"val_loss":0.8999131510840532,"train_loss":0.8999175018062749,"val_accuracy":0.1135,"_timestamp":1.7726958752231884e+09,"_step":14,"_wandb":{"runtime":14},"epoch":15,"_runtime":14,"train_accuracy":0.11236666666666667}