{"val_loss":0.8997058184528798,"train_loss":0.8997083101124322,"val_accuracy":0.1135,"_wandb":{"runtime":33},"_runtime":33,"_timestamp":1.7725857113427193e+09,"train_accuracy":0.11236666666666667,"epoch":10,"_step":9}