{"_step":14,"train_loss":0.21346334305534942,"_wandb":{"runtime":45},"epoch":15,"val_accuracy":0.8634,"_timestamp":1.7727349216180542e+09,"train_accuracy":0.8506166666666667,"val_loss":0.20843080746554224,"_runtime":45}