{"val_loss":0.8996844949224753,"epoch":15,"_step":14,"train_loss":0.8997125638455016,"train_accuracy":0.11236666666666667,"val_accuracy":0.1135,"_wandb":{"runtime":15},"_runtime":15,"_timestamp":1.772696968012058e+09}