{"val_accuracy":0.8898,"train_accuracy":0.8803333333333333,"train_loss":0.19555472070507984,"val_loss":0.18648725666508104,"_timestamp":1.772584872262479e+09,"epoch":10,"_runtime":25,"_step":9,"_wandb":{"runtime":25}}