{"_timestamp":1.77278704700643e+09,"val_loss":0.8996769869209258,"_wandb":{"runtime":39},"val_accuracy":0.1135,"_runtime":39,"_step":14,"train_accuracy":0.11236666666666667,"epoch":15,"train_loss":0.899716398668325}