{"_runtime":11,"val_loss":0.5697517767851211,"_wandb":{"runtime":11},"_step":14,"epoch":15,"train_loss":0.5737647158118638,"train_accuracy":0.6947166666666666,"val_accuracy":0.7014,"_timestamp":1.7727666538053215e+09}