{"_step":14,"val_loss":0.8998359927251537,"_wandb":{"runtime":249},"epoch":15,"val_accuracy":0.1135,"train_accuracy":0.11186666666666667,"train_loss":0.8998044837665362,"_runtime":249,"_timestamp":1.7727859161719413e+09}