{"val_accuracy":0.1135,"_timestamp":1.772764372070837e+09,"val_loss":2.300948768380754,"epoch":15,"_step":14,"train_loss":2.3011020225494963,"_wandb":{"runtime":18},"train_accuracy":0.11236666666666667,"_runtime":18}