{"_wandb":{"runtime":18},"train_accuracy":0.11236666666666667,"val_loss":2.3010079769342364,"train_loss":2.301160959524209,"_runtime":18,"val_accuracy":0.1135,"_step":14,"epoch":15,"_timestamp":1.772763228178716e+09}