{"val_loss":0.55980071826663,"_wandb":{"runtime":13},"val_accuracy":0.876,"epoch":15,"_step":14,"_timestamp":1.7727845160750854e+09,"_runtime":13,"train_loss":0.5780499172018962,"train_accuracy":0.8656333333333334}