{"_timestamp":1.772771714144926e+09,"val_accuracy":0.098,"epoch":15,"train_accuracy":0.09541666666666666,"_wandb":{"runtime":109},"train_loss":1.8025592794575478,"_step":14,"val_loss":1.8039926169237441,"_runtime":109}