{"_wandb":{"runtime":39},"_timestamp":1.7727865858637362e+09,"val_loss":0.18457979257170123,"val_accuracy":0.9456,"train_accuracy":0.9468166666666666,"epoch":15,"_runtime":39,"_step":14,"train_loss":0.18265940004702946}