{"_step":14,"train_accuracy":0.9649,"val_loss":0.2076719179920252,"_timestamp":1.772723994174232e+09,"val_accuracy":0.9524,"epoch":15,"train_loss":0.1367138983823938,"_wandb":{"runtime":59},"_runtime":59}