{"_timestamp":1.772576811369608e+09,"_runtime":10,"train_loss":0.07933117627509498,"train_accuracy":0.9723333333333334,"_step":9,"val_accuracy":0.9608,"epoch":10,"_wandb":{"runtime":10},"val_loss":0.14192479412738462}