{"_runtime":19,"_wandb":{"runtime":19},"_timestamp":1.7721085171880126e+09,"train_accuracy":0.94245,"val_accuracy":0.9436,"val_loss":0.19548624590963565,"_step":9,"epoch":10,"train_loss":0.19714476116186472}