{"val_accuracy":0.9764,"epoch":10,"train_loss":0.04042485703920743,"train_accuracy":0.9875333333333334,"_step":9,"val_loss":0.07798743241081305,"_timestamp":1.7725660590732846e+09,"_wandb":{"runtime":29},"_runtime":29}