{"_step":14,"epoch":15,"val_accuracy":0.9697,"_runtime":68,"train_accuracy":0.9809333333333333,"_wandb":{"runtime":68},"val_loss":0.1129222409390735,"train_loss":0.05289447939589232,"_timestamp":1.7727779434414341e+09}