{"val_accuracy":0.8889,"val_loss":0.4129835960602956,"epoch":15,"train_accuracy":0.8835166666666666,"_runtime":21,"_step":14,"_wandb":{"runtime":21},"_timestamp":1.772786211829422e+09,"train_loss":0.427485158601786}