{"_wandb":{"runtime":20},"train_accuracy":0.11236666666666667,"_runtime":20,"epoch":15,"val_loss":0.8977010362928217,"val_accuracy":0.1135,"_step":14,"_timestamp":1.7727834725811565e+09,"train_loss":0.897725962290363}