{"_timestamp":1.7727371650894423e+09,"_step":14,"_runtime":41,"val_accuracy":0.1135,"_wandb":{"runtime":41},"epoch":15,"train_accuracy":0.11236666666666667,"train_loss":2.3011519902426363,"val_loss":2.301009995964492}