{"_wandb":{"runtime":65},"train_accuracy":0.11536666666666667,"_step":14,"epoch":15,"val_accuracy":0.098,"_runtime":65,"train_loss":2.3003806086691188,"_timestamp":1.7727860749316943e+09,"val_loss":2.300627739834546}