{"val_accuracy":0.9101,"_wandb":{"runtime":14},"epoch":10,"val_loss":0.13609806330034113,"train_accuracy":0.9037166666666666,"_runtime":14,"_step":9,"_timestamp":1.7725854934230735e+09,"train_loss":0.13825701046410352}