{"_runtime":66,"val_accuracy":0.9796,"train_loss":0.013119661205692629,"epoch":10,"train_accuracy":0.9947333333333334,"val_loss":0.08869108422062902,"_wandb":{"runtime":66},"_step":9,"_timestamp":1.772140817041847e+09}