{"val_accuracy":0.9781,"epoch":10,"_wandb":{"runtime":46},"_timestamp":1.7721398365934937e+09,"_runtime":46,"train_loss":0.010147265820949186,"val_loss":0.0800651527575614,"_step":9,"train_accuracy":0.9962}