{"val_accuracy":0.1135,"_runtime":19,"epoch":10,"train_accuracy":0.113,"_step":9,"_timestamp":1.772564889916949e+09,"_wandb":{"runtime":19},"val_loss":0.8995373549984063,"train_loss":0.8996971518394664}