{"_step":9,"val_accuracy":0.9625,"_runtime":21,"epoch":10,"_timestamp":1.7721406837259088e+09,"train_accuracy":0.97395,"_wandb":{"runtime":21},"val_loss":0.12645788344869746,"train_loss":0.07556626065999912}