{"_wandb":{"runtime":29},"val_loss":0.09579726491582638,"_step":14,"epoch":15,"val_accuracy":0.9701,"_runtime":29,"train_loss":0.07319707644347423,"train_accuracy":0.9785333333333334,"_timestamp":1.772731377346768e+09}