{"_wandb":{"runtime":11},"train_loss":0.8975164742779496,"val_loss":0.8974609146924406,"epoch":10,"val_accuracy":0.4419,"_runtime":11,"train_accuracy":0.42611666666666664,"_step":9,"_timestamp":1.7725820112633574e+09}