{"train_loss":0.8867840148112397,"train_accuracy":0.3834666666666667,"_runtime":10,"epoch":10,"val_accuracy":0.4122,"_timestamp":1.7725760631784701e+09,"_step":9,"val_loss":0.8864480339032634,"_wandb":{"runtime":10}}