{"_wandb":{"runtime":6},"_runtime":6,"_step":9,"epoch":10,"train_loss":0.045605372251333015,"val_loss":0.09183128646408573,"val_accuracy":0.9724,"_timestamp":1.7726942420164475e+09}