{"val_loss":0.3999149525961519,"_wandb":{"runtime":61},"_timestamp":1.772565844302524e+09,"train_loss":0.2915418215667019,"_runtime":61,"epoch":10,"val_accuracy":0.9342,"_step":9,"train_accuracy":0.9408833333333333}