{"_runtime":52,"val_accuracy":0.9661,"_timestamp":1.772103454706343e+09,"train_loss":0.08519203871042276,"epoch":5,"train_accuracy":0.97425,"_wandb":{"runtime":52},"_step":4,"val_loss":0.13495954019606843}