{"val_accuracy":0.7398,"epoch":15,"_wandb":{"runtime":50},"_runtime":50,"val_loss":0.39974819326522215,"_step":14,"train_loss":0.4038308223693324,"_timestamp":1.7727639585928166e+09,"train_accuracy":0.7407}