{"train_loss":0.057076613592602736,"train_accuracy":0.9772333333333333,"_step":4,"val_accuracy":0.9663,"_wandb":{"runtime":26},"epoch":5,"val_loss":0.12781732527350667,"_timestamp":1.7721043001652462e+09,"_runtime":26}