{"_wandb":{"runtime":55},"_step":14,"train_accuracy":0.9943666666666666,"val_accuracy":0.9762,"val_loss":0.09397245169193383,"epoch":15,"train_loss":0.014329963868687758,"_runtime":55,"_timestamp":1.7727603531902237e+09}