{"val_accuracy":0.9555,"val_loss":0.07159674840970387,"epoch":15,"_step":14,"_runtime":54,"train_accuracy":0.9566166666666667,"_timestamp":1.7727328275279117e+09,"_wandb":{"runtime":54},"train_loss":0.06599534240216118}