{"val_accuracy":0.9539,"val_loss":0.076760113922177,"_wandb":{"runtime":25},"_runtime":25,"_step":14,"train_loss":0.0570481757004574,"train_accuracy":0.9611166666666666,"_timestamp":1.7727647136580067e+09,"epoch":15}