{"_runtime":48,"val_accuracy":0.9626,"train_accuracy":0.9659666666666666,"epoch":5,"_wandb":{"runtime":48},"train_loss":0.08865375005015408,"_step":4,"val_loss":0.16904292306600135,"_timestamp":1.772106747095328e+09}