{"_step":4,"train_loss":0.05222092986132273,"_runtime":11,"epoch":5,"val_accuracy":0.9717,"val_loss":0.10421805596769489,"_wandb":{"runtime":11},"_timestamp":1.7721064354825125e+09,"train_accuracy":0.9809333333333333}