{"_step":9,"epoch":10,"train_accuracy":0.98775,"val_loss":0.10291217199590906,"_runtime":21,"_timestamp":1.772133637311767e+09,"train_loss":0.03283869959962952,"val_accuracy":0.9718,"_wandb":{"runtime":21}}