{"train_loss":2.6311485742198304,"_step":14,"_runtime":44,"epoch":15,"val_loss":2.6346523842849257,"val_accuracy":0.0958,"_timestamp":1.7727303511054199e+09,"_wandb":{"runtime":44},"train_accuracy":0.09961666666666667}