{"_runtime":39,"_step":9,"val_loss":0.6141946860847447,"val_accuracy":0.8076,"epoch":10,"train_loss":0.6289243326194116,"_timestamp":1.7725869846246002e+09,"train_accuracy":0.7864333333333333,"_wandb":{"runtime":39}}