{"val_accuracy":0.864,"_runtime":5,"_step":9,"_timestamp":1.772584150007499e+09,"epoch":10,"train_loss":0.5135158146241127,"train_accuracy":0.8547833333333333,"_wandb":{"runtime":5},"val_loss":0.49014089705960034}