{"epoch":15,"train_loss":0.8997362601486998,"val_loss":0.8997267815237158,"_timestamp":1.7727338651845257e+09,"train_accuracy":0.11236666666666667,"val_accuracy":0.1135,"_step":14,"_wandb":{"runtime":72},"_runtime":72}