{"network_depth":7,"sigmoid_first_layer_grad_norm":2.4914771679285807e-06,"relu_first_layer_grad_norm":1.4555624089032557,"_wandb":{"runtime":0},"_runtime":0,"_timestamp":1.7725608608024185e+09,"_step":11}