{"val_accuracy":0.9773,"val_loss":0.09173332165732524,"_runtime":25,"_step":9,"epoch":10,"train_accuracy":0.9949333333333333,"_wandb":{"runtime":25},"train_loss":0.012091376108019298,"_timestamp":1.7725841013032744e+09}