{"val_accuracy":0.5448,"_step":9,"_wandb":{"runtime":11},"val_loss":1.8699207360196877,"_runtime":11,"epoch":10,"train_accuracy":0.5401333333333334,"_timestamp":1.7725797295894375e+09,"train_loss":1.8772080638861657}