{"val_accuracy":0.1135,"_step":14,"_timestamp":1.7727391561968193e+09,"_runtime":61,"train_accuracy":0.11236666666666667,"epoch":15,"_wandb":{"runtime":61},"train_loss":0.8997389451898679,"val_loss":0.8997195087556181}