{"_runtime":41,"val_loss":0.04269860468719263,"val_accuracy":0.9738,"_wandb":{"runtime":41},"_timestamp":1.7727232655473578e+09,"train_accuracy":0.9854,"_step":14,"epoch":15,"train_loss":0.01776578291323912}