{"_wandb":{"runtime":30},"train_accuracy":0.11236666666666667,"_timestamp":1.772769208389895e+09,"_runtime":30,"val_accuracy":0.1135,"_step":14,"train_loss":0.8997204220043176,"val_loss":0.89971459379674,"epoch":15}