{"_timestamp":1.7721016201403108e+09,"_step":9,"_wandb":{"runtime":37},"_runtime":37,"epoch":10,"train_loss":1.2078762479119594,"val_loss":1.1843208929598412,"val_accuracy":0.7491}