{"_wandb":{"runtime":15},"train_accuracy":0.9941833333333333,"_step":9,"val_loss":0.07329398347286767,"val_accuracy":0.9761,"epoch":10,"train_loss":0.019758829042918164,"_runtime":15,"_timestamp":1.7721327773272796e+09}