{"train_accuracy":0.6284666666666666,"_wandb":{"runtime":5},"_timestamp":1.7721078467595713e+09,"train_loss":1.2632856534945383,"val_accuracy":0.6582,"epoch":10,"_step":9,"val_loss":1.2508227446256026,"_runtime":5}