{"_step":9,"val_accuracy":0.1135,"_timestamp":1.7725847936417708e+09,"train_loss":2.301162165783486,"epoch":10,"_wandb":{"runtime":19},"_runtime":19,"val_loss":2.3010363742025226,"train_accuracy":0.11236666666666667}