{"_step":14,"epoch":15,"_timestamp":1.7727306815235999e+09,"val_loss":0.07425001456745514,"val_accuracy":0.9524,"_runtime":29,"_wandb":{"runtime":29},"train_accuracy":0.95395,"train_loss":0.06567318279115023}