{"train_accuracy":0.9426666666666667,"val_loss":0.1991627980503765,"_wandb":{"runtime":15},"_timestamp":1.772784638816024e+09,"train_loss":0.1976786660507392,"_step":14,"val_accuracy":0.9436,"epoch":15,"_runtime":15}