{"_runtime":24,"_timestamp":1.7726947817026033e+09,"_wandb":{"runtime":24},"val_loss":0.1614337693678162,"train_loss":0.14841784139510322,"val_accuracy":0.9522,"train_accuracy":0.9554,"epoch":15,"_step":14}