{"_timestamp":1.772570058868732e+09,"val_accuracy":0.1135,"train_loss":0.8997485997051313,"_wandb":{"runtime":5},"_step":9,"epoch":10,"_runtime":5,"train_accuracy":0.11236666666666667,"val_loss":0.8997514152932432}