{"train_accuracy":0.9548666666666666,"_timestamp":1.7721078225427918e+09,"train_loss":0.12356049573971951,"val_loss":0.16389227574034282,"epoch":5,"val_accuracy":0.9567,"_wandb":{"runtime":14},"_runtime":14,"_step":4}