{"_wandb":{"runtime":63},"val_loss":0.06246315197181735,"_timestamp":1.772739376204768e+09,"train_accuracy":0.9753166666666667,"val_accuracy":0.9655,"train_loss":0.04214585175866448,"_runtime":63,"_step":14,"epoch":15}