{"train_loss":0.9003397596649797,"_step":14,"val_loss":0.9003914311783937,"train_accuracy":0.10706666666666667,"_timestamp":1.7727758976046736e+09,"epoch":15,"_runtime":121,"val_accuracy":0.101,"_wandb":{"runtime":121}}