{"val_loss":0.07083127729245665,"train_accuracy":0.9944333333333333,"_step":9,"train_loss":0.01724129315484369,"epoch":10,"val_accuracy":0.9782,"_timestamp":1.7721393638121119e+09,"_runtime":57,"_wandb":{"runtime":57}}