{"val_accuracy":0.9709,"_timestamp":1.7721140798979185e+09,"_step":9,"epoch":10,"_wandb":{"runtime":13},"_runtime":13,"train_loss":0.0022291710640601806,"val_loss":0.0046100879602276905}