{"_runtime":20,"_timestamp":1.7721087610243065e+09,"train_loss":0.04216331867681122,"train_accuracy":0.9832833333333333,"val_accuracy":0.9737,"_step":4,"_wandb":{"runtime":20},"val_loss":0.08957209192608777,"epoch":5}