{"val_accuracy":0.1135,"train_loss":2.299511855630346,"_timestamp":1.772576931839493e+09,"epoch":10,"_runtime":16,"train_accuracy":0.11236666666666667,"val_loss":2.2993796180360406,"_step":9,"_wandb":{"runtime":16}}