{"_wandb":{"runtime":33},"val_accuracy":0.9595,"_runtime":33,"epoch":15,"train_accuracy":0.972,"_timestamp":1.7727620552987108e+09,"train_loss":0.09796249740415307,"_step":14,"val_loss":0.17239168923386886}