{"_wandb":{"runtime":10},"_timestamp":1.7725617101615534e+09,"val_accuracy":0.894,"_runtime":10,"step":4600,"relu_grad_norm":0.987462602707049,"epoch":5,"dead_neuron_percentage":5.729166666666666,"train_loss":0.3732698209614504,"_step":4694,"relu_activation_distribution":{"values":[6421,765,689,610,583,465,398,345,265,240,192,163,123,116,79,79,77,61,63,53,50,52,45,33,23,31,23,28,22,13,17,16,10,10,13,12,8,10,11,9,6,12,6,2,7,10,1,1,3,2,2,2,5,0,0,1,0,2,0,0,0,0,1,2],"bins":[0,0.13137725073364315,0.2627545014672863,0.39413175220092944,0.5255090029345726,0.6568862536682157,0.7882635044018589,0.919640755135502,1.0510180058691452,1.1823952566027884,1.3137725073364315,1.4451497580700745,1.5765270088037178,1.707904259537361,1.839281510271004,1.970658761004647,2.1020360117382904,2.2334132624719336,2.364790513205577,2.4961677639392197,2.627545014672863,2.758922265406506,2.890299516140149,3.0216767668737923,3.1530540176074355,3.284431268341079,3.415808519074722,3.547185769808365,3.678563020542008,3.8099402712756514,3.941317522009294,4.0726947727429375,4.204072023476581,4.335449274210224,4.466826524943867,4.5982037756775105,4.729581026411154,4.860958277144796,4.992335527878439,5.123712778612083,5.255090029345726,5.386467280079369,5.517844530813012,5.649221781546656,5.780599032280298,5.911976283013941,6.0433535337475845,6.174730784481228,6.306108035214871,6.437485285948514,6.568862536682158,6.700239787415801,6.831617038149444,6.9629942888830865,7.09437153961673,7.225748790350373,7.357126041084016,7.4885032918176595,7.619880542551303,7.751257793284946,7.882635044018588,8.014012294752233,8.145389545485875,8.276766796219519,8.408144046953161],"_type":"histogram"}}