{"epoch":15,"train_accuracy":0.11236666666666667,"val_loss":2.3010897954033727,"train_loss":2.3012011630358473,"_wandb":{"runtime":15},"_runtime":15,"_timestamp":1.7727836416473775e+09,"_step":14,"val_accuracy":0.1135}