{"_runtime":34,"val_loss":0.15645065034576802,"epoch":10,"_wandb":{"runtime":34},"train_accuracy":0.96545,"val_accuracy":0.9576,"train_loss":0.10305647728312324,"_timestamp":1.7721411575236368e+09,"_step":9}