{"val_loss":2.261632966774128,"_wandb":{"runtime":23},"val_accuracy":0.2132,"train_accuracy":0.19051666666666667,"epoch":10,"train_loss":2.2628112816197157,"_timestamp":1.7725711977174387e+09,"_step":9,"_runtime":23}