{"val_loss":0.08225285798940006,"_step":14,"val_accuracy":0.9754,"epoch":15,"train_loss":0.051898601845485504,"train_accuracy":0.98305,"_wandb":{"runtime":39},"_timestamp":1.7727847415052881e+09,"_runtime":39}