{"_timestamp":1.7721081316894252e+09,"train_loss":0.17764809024616357,"_wandb":{"runtime":24},"_step":4,"val_accuracy":0.945,"train_accuracy":0.9450833333333334,"_runtime":24,"val_loss":0.18277620912769854,"epoch":5}