{"val_accuracy":0.9736,"_step":4,"train_loss":0.06555341356505957,"val_loss":0.1480878465694497,"_wandb":{"runtime":23},"_timestamp":1.7721084048782349e+09,"train_accuracy":0.98025,"epoch":5,"_runtime":23}