{"_step":9,"epoch":10,"_wandb":{"runtime":24},"train_loss":1.9353671512194341,"val_loss":1.9275436059410873,"train_accuracy":0.4660666666666667,"_runtime":24,"val_accuracy":0.4896,"_timestamp":1.7725765077847815e+09}