{"val_loss":0.12003966660737451,"_runtime":23,"train_loss":0.017481070004102806,"val_accuracy":0.9754,"epoch":10,"_timestamp":1.7725666401157963e+09,"_step":9,"_wandb":{"runtime":23},"train_accuracy":0.9915833333333334}