{"_step":14,"train_accuracy":0.91705,"_runtime":21,"val_loss":0.12952205404619488,"train_loss":0.12385674255467251,"val_accuracy":0.9222,"epoch":15,"_wandb":{"runtime":21},"_timestamp":1.7727638856368349e+09}