{"val_accuracy":0.9118,"_runtime":39,"train_accuracy":0.9068333333333334,"val_loss":0.3152706526558855,"epoch":15,"_step":14,"train_loss":0.310989939577444,"_wandb":{"runtime":39},"_timestamp":1.7727852110204997e+09}