{"train_loss":0.19469147174990753,"_wandb":{"runtime":76},"_runtime":76,"val_loss":0.19331186598380137,"val_accuracy":0.9437,"_timestamp":1.7721017393872886e+09,"_step":9,"epoch":10}