{"val_accuracy":0.1135,"_timestamp":1.7725736136277928e+09,"train_loss":0.8997328771241361,"_runtime":23,"train_accuracy":0.11236666666666667,"val_loss":0.8997146281268464,"_step":9,"_wandb":{"runtime":23},"epoch":10}