{"_wandb":{"runtime":61},"val_loss":0.08693737069386162,"val_accuracy":0.9793,"train_accuracy":0.9984833333333333,"_step":14,"epoch":15,"train_loss":0.005844593904502615,"_timestamp":1.7727627662536552e+09,"_runtime":61}