{"train_accuracy":0.11236666666666667,"_wandb":{"runtime":25},"val_loss":0.8996840879609251,"epoch":15,"val_accuracy":0.1135,"_runtime":25,"_step":14,"train_loss":0.8997118893967776,"_timestamp":1.7726957707277987e+09}