{"val_accuracy":0.1135,"_timestamp":1.7727721790883994e+09,"train_accuracy":0.11236666666666667,"_wandb":{"runtime":24},"epoch":15,"_step":14,"_runtime":24,"val_loss":2.300992950196128,"train_loss":2.3011612225531466}