{"val_accuracy":0.1135,"_runtime":30,"train_loss":0.8997109548044259,"_step":14,"val_loss":0.8996846804084265,"_wandb":{"runtime":30},"train_accuracy":0.11236666666666667,"_timestamp":1.7727600500019255e+09,"epoch":15}