{"_wandb":{"runtime":46},"epoch":15,"train_accuracy":0.11078333333333333,"_step":14,"train_loss":2.3019460348468885,"_runtime":46,"_timestamp":1.772760912624192e+09,"val_loss":2.3013495498210825,"val_accuracy":0.1135}