{"epoch":10,"val_accuracy":0.9581,"_wandb":{"runtime":11},"_runtime":11,"_step":9,"val_loss":0.15010787282541255,"train_accuracy":0.9714166666666667,"_timestamp":1.7725752794877646e+09,"train_loss":0.08237378288168933}