{"val_loss":0.09288668568471056,"epoch":10,"_timestamp":1.7721353283222048e+09,"val_accuracy":0.9703,"train_accuracy":0.97695,"_step":9,"_wandb":{"runtime":24},"train_loss":0.07440869737414087,"_runtime":24}