{"val_accuracy":0.1135,"_wandb":{"runtime":12},"_runtime":12,"train_accuracy":0.12115,"val_loss":2.2815405894473013,"epoch":10,"_timestamp":1.7725842236590233e+09,"train_loss":2.282480545914652,"_step":9}