{"train_accuracy":0.11236666666666667,"_wandb":{"runtime":89},"_runtime":89,"val_loss":2.3010217868983296,"train_loss":2.301160823188866,"_step":14,"epoch":15,"val_accuracy":0.1135,"_timestamp":1.7727865266677384e+09}