{"val_loss":2.3010342828030232,"_step":14,"_runtime":57,"_timestamp":1.7727231001647372e+09,"val_accuracy":0.1135,"train_accuracy":0.11236666666666667,"epoch":15,"_wandb":{"runtime":57},"train_loss":2.3011597877081353}