{"_step":9,"train_loss":0.021368456388168495,"train_accuracy":0.9833333333333333,"val_loss":0.04158349136197201,"val_accuracy":0.9725,"_timestamp":1.7725685443698676e+09,"epoch":10,"_wandb":{"runtime":17},"_runtime":17}