{"_runtime":7,"val_loss":0.8996797696922757,"val_accuracy":0.1135,"_step":9,"train_accuracy":0.11236666666666667,"_timestamp":1.7725737879899278e+09,"train_loss":0.8997137121027162,"epoch":10,"_wandb":{"runtime":7}}