{"val_accuracy":0.1135,"epoch":5,"train_accuracy":0.11131666666666666,"val_loss":2.3018229392150586,"train_loss":2.3020336972602147,"_wandb":{"runtime":27},"_runtime":27,"_timestamp":1.7721001104812129e+09,"_step":4}