{"_timestamp":1.7727659869390929e+09,"_step":14,"val_loss":0.8996831567966348,"_runtime":59,"val_accuracy":0.1135,"train_loss":0.8997118532774501,"epoch":15,"_wandb":{"runtime":59},"train_accuracy":0.11236666666666667}