{"val_accuracy":0.1135,"_wandb":{"runtime":48},"val_loss":0.8996928984962375,"_timestamp":1.7725798123638947e+09,"epoch":10,"train_loss":0.8997130705399755,"_step":9,"_runtime":48,"train_accuracy":0.11236666666666667}