{"train_accuracy":0.9845833333333334,"epoch":5,"_wandb":{"runtime":65},"_timestamp":1.7721039921558592e+09,"train_loss":0.03231070200050368,"_runtime":65,"val_loss":0.08496540626891871,"val_accuracy":0.9768,"_step":4}