{"_timestamp":1.7727600988045566e+09,"val_accuracy":0.9356,"train_loss":0.09438832189708384,"val_loss":0.09906118466715236,"_wandb":{"runtime":27},"train_accuracy":0.9404833333333333,"_step":14,"epoch":15,"_runtime":27}