{"_wandb":{"runtime":14},"_runtime":14,"val_accuracy":0.2652,"_timestamp":1.772569837382766e+09,"_step":9,"epoch":10,"train_loss":2.042401800782862,"train_accuracy":0.3894166666666667,"val_loss":2.034198503992008}