{"_wandb":{"runtime":57},"val_accuracy":0.1135,"epoch":10,"val_loss":0.8998089401390814,"_step":9,"train_loss":0.8997774412977165,"train_accuracy":0.11215,"_timestamp":1.7725668435940294e+09,"_runtime":57}