{"_timestamp":1.7725809055278258e+09,"val_accuracy":0.1135,"train_accuracy":0.10845,"val_loss":2.302410752730472,"_wandb":{"runtime":11},"_step":9,"_runtime":11,"epoch":10,"train_loss":2.302817488125479}