{"epoch":15,"val_accuracy":0.9741,"_runtime":57,"train_loss":0.04512131585375884,"train_accuracy":0.9836833333333334,"_step":14,"val_loss":0.09178703443126039,"_wandb":{"runtime":57},"_timestamp":1.7727773189355934e+09}