{"_wandb":{"runtime":10},"train_accuracy":0.96795,"epoch":5,"_runtime":10,"_step":4,"train_loss":0.0919674238542557,"val_accuracy":0.9607,"_timestamp":1.772108476853681e+09,"val_loss":0.13139959074081026}