{"val_accuracy":0.8974,"train_loss":0.17707016332989484,"_step":14,"_timestamp":1.7726949632612817e+09,"_wandb":{"runtime":26},"val_loss":0.16918708848974362,"epoch":15,"train_accuracy":0.8928,"_runtime":26}