{"_wandb":{"runtime":22},"train_loss":2.301930920074143,"train_accuracy":0.11236666666666667,"_step":4,"epoch":5,"val_accuracy":0.1135,"_runtime":22,"val_loss":2.3018945199171155,"_timestamp":1.7721098754484873e+09}