{"val_accuracy":0.1135,"epoch":10,"train_accuracy":0.11236666666666667,"_runtime":20,"_step":9,"train_loss":2.301249780418821,"val_loss":2.3011067449549096,"_timestamp":1.7725821070993369e+09,"_wandb":{"runtime":20}}