{"train_accuracy":0.9379833333333333,"val_loss":0.3080399741249526,"val_accuracy":0.9405,"train_loss":0.2549928312207189,"_runtime":52,"epoch":15,"_wandb":{"runtime":52},"_timestamp":1.7727698573274977e+09,"_step":14}