{"epoch":15,"train_accuracy":0.10865,"val_loss":2.3038024639946446,"val_accuracy":0.1135,"_wandb":{"runtime":97},"_runtime":97,"train_loss":2.3041923018769426,"_timestamp":1.7727684397155552e+09,"_step":14}