{"val_loss":0.18870233773263503,"_timestamp":1.7721179815471466e+09,"_runtime":31,"val_accuracy":0.9503,"_step":7,"train_loss":0.1305423767092208,"train_accuracy":0.9596166666666667,"epoch":8,"_wandb":{"runtime":31}}