{"epoch":10,"_wandb":{"runtime":36},"_timestamp":1.7725718008454018e+09,"train_loss":0.8997120295227594,"val_accuracy":0.1135,"_step":9,"train_accuracy":0.11236666666666667,"val_loss":0.8996833716930676,"_runtime":36}