{"_timestamp":1.7727662420811973e+09,"_step":14,"val_accuracy":0.1135,"_runtime":39,"_wandb":{"runtime":39},"val_loss":0.8986771058027764,"train_loss":0.8987304987218419,"epoch":15,"train_accuracy":0.11236666666666667}