{"val_accuracy":0.9565,"_step":14,"train_accuracy":0.9601,"_wandb":{"runtime":52},"epoch":15,"train_loss":0.06473113399161085,"_timestamp":1.7727842524194815e+09,"val_loss":0.07956076386670854,"_runtime":52}