{"val_accuracy":0.972,"_timestamp":1.7727227485049198e+09,"_step":9,"epoch":10,"_wandb":{"runtime":8},"_runtime":8,"train_loss":0.043912692723580504,"val_loss":0.09445728027085784}