{"_step":14,"_wandb":{"runtime":16},"epoch":15,"train_loss":0.31628983992389126,"train_accuracy":0.91,"val_accuracy":0.9148,"val_loss":0.30317376820836706,"_runtime":16,"_timestamp":1.7727657075590117e+09}