{"_wandb":{"runtime":14},"_runtime":14,"val_accuracy":0.9489,"epoch":10,"train_accuracy":0.9549166666666666,"_timestamp":1.7725797058258274e+09,"val_loss":0.0846896461015362,"_step":9,"train_loss":0.06946538217420442}