{"val_accuracy":0.9616,"_step":9,"_runtime":7,"_wandb":{"runtime":7},"train_loss":0.07654098818892313,"train_accuracy":0.9750666666666666,"_timestamp":1.7721124545746627e+09,"val_loss":0.14768541831810397,"epoch":10}