{"_runtime":10,"epoch":15,"_wandb":{"runtime":10},"_timestamp":1.7727021264247851e+09,"_step":14,"val_loss":1.4949082526542938,"train_loss":1.5070099847615963,"train_accuracy":0.5570666666666667,"val_accuracy":0.5786}