{"train_accuracy":0.11236666666666667,"val_loss":0.8996814416606627,"val_accuracy":0.1135,"_wandb":{"runtime":20},"train_loss":0.8997127609285421,"_runtime":20,"epoch":10,"_timestamp":1.7725670173640661e+09,"_step":9}