{"val_loss":0.13398548875367744,"_step":4,"_wandb":{"runtime":34},"train_loss":0.12216276853112631,"train_accuracy":0.9589166666666666,"_timestamp":1.772131789245179e+09,"epoch":5,"val_accuracy":0.9587,"_runtime":34}