{"val_accuracy":0.4912,"_timestamp":1.7725784077760394e+09,"_step":9,"train_loss":2.2441551805489963,"_wandb":{"runtime":24},"epoch":10,"train_accuracy":0.4599666666666667,"_runtime":24,"val_loss":2.242745225975058}