{"_step":9,"_wandb":{"runtime":21},"_runtime":21,"train_loss":0.11253212872858814,"epoch":10,"val_accuracy":0.9572,"_timestamp":1.7721346904547634e+09,"train_accuracy":0.9611,"val_loss":0.15636538913220438}