{"val_accuracy":0.8685,"val_loss":0.25489230009011044,"_wandb":{"runtime":30},"_runtime":30,"epoch":15,"train_loss":0.2624557806315271,"train_accuracy":0.85775,"_timestamp":1.7726976206083088e+09,"_step":14}