{"_wandb":{"runtime":71},"_step":9,"val_accuracy":0.1135,"_timestamp":1.772572191087279e+09,"train_accuracy":0.10573333333333333,"val_loss":2.3028194385611447,"train_loss":2.3025619812747715,"_runtime":71,"epoch":10}