{"val_accuracy":0.5446,"train_accuracy":0.5454666666666667,"epoch":15,"val_loss":0.7884582901519052,"_runtime":10,"train_loss":0.7909177673458476,"_timestamp":1.772759928863171e+09,"_wandb":{"runtime":10},"_step":14}