{"train_loss":2.301433156316642,"_runtime":5,"epoch":10,"val_accuracy":0.1135,"val_loss":2.301354531896114,"train_accuracy":0.11236666666666667,"_timestamp":1.7725658634707658e+09,"_step":9,"_wandb":{"runtime":5}}