{"_step":14,"val_accuracy":0.9603,"epoch":15,"train_loss":0.044467399478798186,"val_loss":0.06181273974959909,"_runtime":65,"train_accuracy":0.9689166666666666,"_timestamp":1.772701479320052e+09,"_wandb":{"runtime":65}}