{"val_accuracy":0.1135,"val_loss":2.301963348471437,"_wandb":{"runtime":147},"_runtime":147,"_timestamp":1.7727708905817378e+09,"train_accuracy":0.11145,"epoch":15,"train_loss":2.3018883982636487,"_step":14}