{"_runtime":28,"val_accuracy":0.1135,"_timestamp":1.7727652797518415e+09,"train_accuracy":0.11236666666666667,"val_loss":2.300927496021358,"train_loss":2.301237794401627,"_step":14,"epoch":15,"_wandb":{"runtime":28}}