{"val_loss":2.301083330101294,"_runtime":16,"train_accuracy":0.11236666666666667,"_timestamp":1.7721088569253035e+09,"_step":9,"_wandb":{"runtime":16},"train_loss":2.3012941427388185,"epoch":10,"val_accuracy":0.1135}