{"val_accuracy":0.6013,"epoch":15,"_timestamp":1.772704836614841e+09,"_runtime":32,"train_loss":1.1871933480067658,"train_accuracy":0.55595,"val_loss":1.1830723786819506,"_step":14,"_wandb":{"runtime":32}}