{"val_loss":0.8621821852964718,"epoch":10,"train_loss":0.863238105681922,"_runtime":19,"_timestamp":1.7725739955799718e+09,"train_accuracy":0.20788333333333334,"val_accuracy":0.2112,"_step":9,"_wandb":{"runtime":19}}