{"_wandb":{"runtime":42},"val_loss":0.8996851168933819,"epoch":10,"train_accuracy":0.11236666666666667,"train_loss":0.8997123859841534,"val_accuracy":0.1135,"_step":9,"_timestamp":1.7725782515438423e+09,"_runtime":42}