{"_timestamp":1.772102030496516e+09,"_step":9,"train_loss":0.024054017081788833,"train_accuracy":0.9902333333333333,"_wandb":{"runtime":44},"val_loss":0.09487079095165041,"val_accuracy":0.9754,"_runtime":44,"epoch":10}