{"val_accuracy":0.1135,"_step":9,"epoch":10,"_runtime":6,"_wandb":{"runtime":6},"train_loss":0.8997117314319332,"train_accuracy":0.11236666666666667,"_timestamp":1.772566525200856e+09,"val_loss":0.8996845784823089}