{"val_accuracy":0.1032,"train_loss":1.8013999999999837,"_step":14,"train_accuracy":0.0993,"epoch":15,"_runtime":60,"val_loss":1.7935999999999865,"_wandb":{"runtime":60},"_timestamp":1.7727757590146484e+09}