{"_wandb":{"runtime":89},"val_accuracy":0.101,"_runtime":89,"_timestamp":1.772772893933297e+09,"train_loss":1.7956333333333334,"epoch":15,"train_accuracy":0.10218333333333333,"val_loss":1.798,"_step":14}