{"_wandb":{"runtime":20},"_runtime":20,"_step":9,"epoch":10,"val_accuracy":0.1135,"train_accuracy":0.11188333333333333,"val_loss":0.8997147975979914,"train_loss":0.8997883663923554,"_timestamp":1.772580069547728e+09}