{"_step":14,"train_loss":2.301176229680588,"_wandb":{"runtime":29},"epoch":15,"_runtime":29,"val_loss":2.301052980374473,"_timestamp":1.7727769484548044e+09,"train_accuracy":0.11236666666666667,"val_accuracy":0.1135}