{"_timestamp":1.7725748637062132e+09,"val_loss":0.14305548956498645,"train_loss":0.14573696494055421,"val_accuracy":0.907,"train_accuracy":0.9032666666666667,"_runtime":48,"epoch":10,"_wandb":{"runtime":48},"_step":9}