{"_runtime":22,"epoch":15,"_wandb":{"runtime":22},"train_loss":0.11158748050875168,"val_loss":0.13451434535263662,"val_accuracy":0.9598,"_timestamp":1.7727807544521239e+09,"train_accuracy":0.96625,"_step":14}