{"_wandb":{"runtime":32},"train_loss":0.03077672532380512,"_runtime":32,"epoch":10,"val_loss":0.042891740039707145,"_timestamp":1.7725870914831572e+09,"train_accuracy":0.97985,"_step":9,"val_accuracy":0.9723}