{"_step":9,"val_accuracy":0.9666,"epoch":10,"_wandb":{"runtime":30},"_runtime":30,"train_loss":0.09099412924387429,"val_loss":0.11063812121924779,"_timestamp":1.7725681998453543e+09,"train_accuracy":0.9711166666666666}