{"_timestamp":1.7727025911167212e+09,"_runtime":9,"val_accuracy":0.1135,"train_loss":0.8997107250091554,"epoch":15,"train_accuracy":0.11236666666666667,"_wandb":{"runtime":9},"_step":14,"val_loss":0.899682933027453}