{"_runtime":27,"_timestamp":1.7721376228777041e+09,"epoch":5,"_wandb":{"runtime":27},"val_loss":0.07954522209945138,"train_loss":0.04463055379532073,"_step":4,"train_accuracy":0.98235,"val_accuracy":0.975}