{"_timestamp":1.7727825876955163e+09,"_runtime":32,"val_accuracy":0.1135,"train_loss":2.3031132350307106,"_wandb":{"runtime":32},"_step":14,"train_accuracy":0.10496666666666667,"epoch":15,"val_loss":2.303001824171885}