{"train_loss":2.3013064800108474,"_wandb":{"runtime":80},"_timestamp":1.7727259957235851e+09,"val_accuracy":0.1135,"_runtime":80,"_step":14,"train_accuracy":0.11236666666666667,"epoch":15,"val_loss":2.301183112582021}