{"_runtime":20,"epoch":15,"_wandb":{"runtime":20},"val_loss":0.1333091321969815,"val_accuracy":0.9153,"_step":14,"train_loss":0.13767438398522827,"train_accuracy":0.9116666666666666,"_timestamp":1.7727280737562718e+09}