{"_timestamp":1.772769288812888e+09,"train_loss":0.8996557615962608,"_runtime":20,"_step":14,"val_accuracy":0.1135,"epoch":15,"val_loss":0.8996311084128822,"_wandb":{"runtime":20},"train_accuracy":0.11236666666666667}