{"train_loss":0.8997122076510783,"val_loss":0.8996853097600022,"epoch":10,"_wandb":{"runtime":13},"val_accuracy":0.1135,"_timestamp":1.7725838969791508e+09,"_step":9,"train_accuracy":0.11236666666666667,"_runtime":13}