{"train_loss":0.8997955739066842,"val_accuracy":0.1135,"_runtime":30,"_wandb":{"runtime":30},"_timestamp":1.7727331098240442e+09,"epoch":15,"val_loss":0.899782680764391,"_step":14,"train_accuracy":0.11236666666666667}