{"_wandb":{"runtime":23},"val_accuracy":0.1135,"_runtime":23,"_step":9,"epoch":10,"train_accuracy":0.11236666666666667,"train_loss":0.8997238240934251,"val_loss":0.8996711402953959,"_timestamp":1.7725809841967895e+09}