{"_timestamp":1.7727385921184046e+09,"train_loss":0.8997676528801738,"epoch":15,"_runtime":37,"val_loss":0.8996988840021417,"val_accuracy":0.1135,"_wandb":{"runtime":37},"_step":14,"train_accuracy":0.11236666666666667}