{"_runtime":45,"val_accuracy":0.9522,"val_loss":0.15676964926776882,"_wandb":{"runtime":45},"_step":14,"_timestamp":1.7727394490935068e+09,"epoch":15,"train_loss":0.1497574109547613,"train_accuracy":0.9536833333333333}