{"_wandb":{"runtime":26},"val_loss":0.10383353434977612,"_timestamp":1.7725594993933961e+09,"_step":9,"_runtime":26,"val_accuracy":0.9783,"epoch":10,"train_loss":0.015948745557694613,"train_accuracy":0.99335}