{"val_accuracy":0.8847,"_wandb":{"runtime":52},"_runtime":52,"_step":9,"_timestamp":1.772576429586274e+09,"train_loss":0.1715899689781881,"train_accuracy":0.8769,"epoch":10,"val_loss":0.17467394751217843}