{"_wandb":{"runtime":25},"epoch":15,"train_accuracy":0.95525,"train_loss":0.1904835625581779,"val_loss":0.3477382064139218,"val_accuracy":0.9437,"_runtime":25,"_timestamp":1.7727805692697191e+09,"_step":14}