{"epoch":15,"_wandb":{"runtime":19},"_runtime":19,"train_loss":0.8972910627882612,"val_loss":0.8972467370668176,"_step":14,"train_accuracy":0.11236666666666667,"val_accuracy":0.1135,"_timestamp":1.7727017568516514e+09}