{"epoch":15,"train_accuracy":0.9837833333333333,"_wandb":{"runtime":29},"_runtime":29,"val_accuracy":0.9712,"_timestamp":1.7727243136132944e+09,"val_loss":0.0434833548055105,"train_loss":0.025604951962421397,"_step":14}