{"val_loss":0.8281541243853214,"_runtime":11,"train_accuracy":0.5341166666666667,"val_accuracy":0.5293,"_step":14,"_wandb":{"runtime":11},"_timestamp":1.772695962444581e+09,"train_loss":0.8283621018676381,"epoch":15}