{"_timestamp":1.7725661699126766e+09,"train_accuracy":0.09823333333333334,"val_loss":1.8051661971625423,"_wandb":{"runtime":31},"train_loss":1.8049329240922778,"val_accuracy":0.0974,"epoch":10,"_step":9,"_runtime":31}