{"_timestamp":1.772532168296937e+09,"train_accuracy":0.9923333333333333,"val_loss":0.13241464130537575,"val_accuracy":0.9765,"_runtime":19,"epoch":10,"_step":9,"train_loss":0.0225526375992581,"_wandb":{"runtime":19}}