{"epoch":10,"train_accuracy":0.8947333333333334,"val_accuracy":0.901,"val_loss":0.15849726858609128,"_timestamp":1.772578802544054e+09,"_step":9,"train_loss":0.16694280259775673,"_runtime":5,"_wandb":{"runtime":5}}