{"_runtime":90,"train_loss":2.3020767813753666,"train_accuracy":0.11011666666666667,"val_accuracy":0.1135,"_step":14,"_timestamp":1.7727326279308834e+09,"epoch":15,"val_loss":2.3021490469858237,"_wandb":{"runtime":90}}