{"val_loss":0.1169171739506941,"train_accuracy":0.9638333333333333,"_runtime":10,"_timestamp":1.7721064993431923e+09,"_step":4,"train_loss":0.10989290904994177,"epoch":5,"_wandb":{"runtime":10},"val_accuracy":0.9661}