{"_timestamp":1.772102815344795e+09,"epoch":5,"_step":4,"val_accuracy":0.9564,"train_loss":0.10078879912767913,"train_accuracy":0.9615333333333334,"val_loss":0.15494193372821352,"_wandb":{"runtime":14},"_runtime":14}