{"val_accuracy":0.1135,"train_loss":2.3011605290496777,"_runtime":39,"_step":14,"train_accuracy":0.11236666666666667,"_timestamp":1.7727732978874469e+09,"_wandb":{"runtime":39},"val_loss":2.3010325150324227,"epoch":15}