{"epoch":15,"train_accuracy":0.10406666666666667,"_runtime":56,"val_accuracy":0.1135,"_timestamp":1.772774252200782e+09,"_step":14,"_wandb":{"runtime":56},"val_loss":2.304270093921843,"train_loss":2.3043656732282938}