{"val_loss":0.1451901441030741,"_runtime":19,"train_loss":0.15174021739632837,"val_accuracy":0.9089,"_wandb":{"runtime":19},"_timestamp":1.7725759296503448e+09,"_step":9,"epoch":10,"train_accuracy":0.9018166666666667}