{"epoch":10,"_wandb":{"runtime":25},"_runtime":25,"val_loss":0.899684333493415,"_timestamp":1.7725676442654514e+09,"_step":9,"train_loss":0.8997142599172997,"train_accuracy":0.11236666666666667,"val_accuracy":0.1135}