{"val_accuracy":0.978,"val_loss":0.09982418691660111,"_timestamp":1.7726952406560192e+09,"epoch":15,"_runtime":40,"train_loss":0.017535547807211227,"_wandb":{"runtime":40},"train_accuracy":0.9939166666666667,"_step":14}