{"train_accuracy":0.11236666666666667,"_runtime":34,"_step":14,"epoch":15,"train_loss":2.3011600827994365,"val_loss":2.3010267408731777,"_timestamp":1.7727234046406808e+09,"_wandb":{"runtime":34},"val_accuracy":0.1135}