{"val_loss":0.18734350658593876,"val_accuracy":0.9616,"_timestamp":1.772101873552324e+09,"_step":9,"epoch":10,"train_loss":0.07744853681804087,"_wandb":{"runtime":64},"_runtime":64}