{"val_loss":0.2155898864730616,"train_accuracy":0.95185,"val_accuracy":0.9439,"_wandb":{"runtime":11},"epoch":10,"train_loss":0.1532031332735006,"_timestamp":1.7725773823836064e+09,"_step":9,"_runtime":11}