{"_timestamp":1.7726946246617932e+09,"val_accuracy":0.1135,"train_accuracy":0.11236666666666667,"val_loss":2.300229253182048,"train_loss":2.300377126366293,"_runtime":24,"_wandb":{"runtime":24},"_step":14,"epoch":15}