{"epoch":10,"_wandb":{"runtime":28},"val_accuracy":0.8375,"_timestamp":1.7725734428390048e+09,"val_loss":0.8397774047374725,"_step":9,"train_loss":0.8650604805183901,"_runtime":28,"train_accuracy":0.8233}