{"val_accuracy":0.7983,"train_accuracy":0.7852166666666667,"val_loss":0.6834006327285568,"_timestamp":1.7726962967019205e+09,"_step":14,"train_loss":0.7023054484739804,"_runtime":24,"epoch":15,"_wandb":{"runtime":24}}