{"_timestamp":1.7727299511074245e+09,"_step":14,"_wandb":{"runtime":25},"epoch":15,"train_accuracy":0.9571,"_runtime":25,"train_loss":0.0654162847654336,"val_loss":0.07140664506421819,"val_accuracy":0.954}