{"val_loss":0.08044908989414387,"train_accuracy":0.9841666666666666,"_runtime":44,"_wandb":{"runtime":44},"train_loss":0.037199919428333644,"val_accuracy":0.9756,"_timestamp":1.772104112566165e+09,"_step":4,"epoch":5}