{"val_loss":0.8995170918441888,"_timestamp":1.7727258087042296e+09,"_wandb":{"runtime":13},"train_accuracy":0.11236666666666667,"_runtime":13,"train_loss":0.8995449867715282,"val_accuracy":0.1135,"_step":14,"epoch":15}