{"train_accuracy":0.9555166666666667,"val_loss":0.1633068002793876,"train_loss":0.1474065881801523,"_runtime":15,"val_accuracy":0.9545,"_timestamp":1.772701873406044e+09,"epoch":15,"_wandb":{"runtime":15},"_step":14}