{"val_accuracy":0.9636,"train_accuracy":0.97215,"epoch":15,"_wandb":{"runtime":29},"train_loss":0.04550333919957508,"val_loss":0.05776342662447412,"_step":14,"_runtime":29,"_timestamp":1.7727795645802612e+09}