{"val_loss":0.13189018097465435,"epoch":10,"val_accuracy":0.9627,"train_loss":0.05911811239605941,"_wandb":{"runtime":21},"_runtime":21,"_timestamp":1.7721337476165235e+09,"train_accuracy":0.9788333333333333,"_step":9}