{"_runtime":15,"epoch":15,"_step":14,"val_accuracy":0.9009,"_wandb":{"runtime":15},"train_accuracy":0.9034166666666666,"_timestamp":1.7727831929265146e+09,"train_loss":0.19424813656529266,"val_loss":0.1930367652606947}