{"val_loss":0.19396287722522898,"val_accuracy":0.9445,"train_loss":0.177840695722692,"_timestamp":1.7727794597245836e+09,"_wandb":{"runtime":27},"_runtime":27,"epoch":15,"train_accuracy":0.9475333333333333,"_step":14}