{"train_accuracy":0.11236666666666667,"_timestamp":1.772570041108875e+09,"_step":9,"val_accuracy":0.1135,"val_loss":0.8996863246491417,"epoch":10,"_wandb":{"runtime":7},"_runtime":7,"train_loss":0.8997120586219585}