{"_runtime":33,"epoch":10,"val_accuracy":0.9739,"_step":9,"_wandb":{"runtime":33},"train_accuracy":0.98665,"val_loss":0.08856130345157176,"_timestamp":1.7721320496958299e+09,"train_loss":0.039161551324828354}