{"train_loss":2.1156236497934233,"_wandb":{"runtime":169},"_step":9,"val_loss":2.10860000819312,"epoch":10,"train_accuracy":0.16645,"_runtime":169,"_timestamp":1.77257953118049e+09,"val_accuracy":0.1833}