{"val_loss":1.805199999731435,"_timestamp":1.7725855363281357e+09,"_runtime":30,"train_loss":1.804966666398601,"train_accuracy":0.09513333333333333,"_wandb":{"runtime":30},"val_accuracy":0.0974,"_step":9,"epoch":10}