{"_runtime":21,"val_loss":0.1275498946506869,"_wandb":{"runtime":21},"_timestamp":1.7721359485953386e+09,"train_loss":0.10658123006593236,"_step":9,"train_accuracy":0.9670666666666666,"val_accuracy":0.9631,"epoch":10}