{"_runtime":7,"val_accuracy":0.1135,"_timestamp":1.7725826606699002e+09,"_step":9,"epoch":10,"val_loss":2.3014240682073006,"_wandb":{"runtime":7},"train_loss":2.3015615948022212,"train_accuracy":0.1107}