{"val_loss":0.12700704195766127,"_timestamp":1.7727784545353854e+09,"_wandb":{"runtime":21},"train_accuracy":0.9274,"_runtime":21,"val_accuracy":0.9178,"epoch":15,"train_loss":0.1105930366599164,"_step":14}