{"val_loss":0.8997097949881904,"_timestamp":1.772773335952511e+09,"train_loss":0.8997571058167521,"_step":14,"epoch":15,"_wandb":{"runtime":18},"val_accuracy":0.1135,"_runtime":18,"train_accuracy":0.11236666666666667}