{"val_accuracy":0.1135,"_step":9,"epoch":10,"_timestamp":1.7725736763313434e+09,"_wandb":{"runtime":52},"_runtime":52,"train_accuracy":0.10731666666666667,"val_loss":0.8998854597677695,"train_loss":0.8999408482704341}