{"_timestamp":1.772110799862794e+09,"_step":4,"_wandb":{"runtime":36},"_runtime":36,"epoch":5,"train_accuracy":0.1113,"val_accuracy":0.1135,"train_loss":2.301527006821228,"val_loss":2.3013557798148594}