{"train_accuracy":0.9223,"val_loss":0.15011080030916374,"val_accuracy":0.9172,"_step":14,"train_loss":0.14375122969916873,"_timestamp":1.7727330569743297e+09,"epoch":15,"_wandb":{"runtime":19},"_runtime":19}