{"val_loss":0.1169924571576159,"val_accuracy":0.9693,"train_loss":0.04809770666058832,"_step":9,"_wandb":{"runtime":33},"_runtime":33,"_timestamp":1.772112513138726e+09,"epoch":10,"train_accuracy":0.9835833333333334}