{"_runtime":35,"_timestamp":1.7721119217974803e+09,"train_accuracy":0.9897166666666667,"_step":9,"_wandb":{"runtime":35},"val_loss":0.1057399927089423,"epoch":10,"train_loss":0.02403707455001128,"val_accuracy":0.9738}