{"_step":14,"_runtime":14,"_wandb":{"runtime":14},"val_accuracy":0.9584,"epoch":15,"train_loss":0.12359044272556408,"val_loss":0.13942007426505593,"train_accuracy":0.9632,"_timestamp":1.7727718842951753e+09}