{"val_accuracy":0.1135,"train_accuracy":0.11236666666666667,"_timestamp":1.772564934583572e+09,"train_loss":0.8992593501540099,"_wandb":{"runtime":8},"epoch":10,"val_loss":0.8991944406540923,"_runtime":8,"_step":9}