{"_runtime":44,"_timestamp":1.7725691231013331e+09,"train_accuracy":0.9724,"val_accuracy":0.9683,"_wandb":{"runtime":44},"_step":9,"epoch":10,"train_loss":0.040614067378907076,"val_loss":0.048698715555447185}