{"_wandb":{"runtime":6},"_timestamp":1.772568512028582e+09,"train_loss":0.1649094099690623,"train_accuracy":0.8983166666666667,"val_accuracy":0.904,"_runtime":6,"_step":9,"epoch":10,"val_loss":0.1589300973578727}