{"_runtime":14,"train_loss":2.3014111941756292,"train_accuracy":0.11221666666666667,"_wandb":{"runtime":14},"epoch":10,"val_accuracy":0.1135,"_step":9,"val_loss":2.3012822772772314,"_timestamp":1.7725807226992629e+09}