{"_wandb":{"runtime":72},"val_loss":0.5368624947810509,"train_accuracy":0.7069833333333333,"epoch":15,"val_accuracy":0.7036,"_timestamp":1.7727332044248307e+09,"_step":14,"_runtime":72,"train_loss":0.5364904840761339}