{"epoch":15,"_runtime":75,"train_loss":2.3055477746121404,"val_loss":2.3049920445141696,"_timestamp":1.7727364308138418e+09,"_step":14,"_wandb":{"runtime":75},"val_accuracy":0.0974,"train_accuracy":0.10361666666666666}