{"_runtime":42,"_timestamp":1.7725769043559985e+09,"val_loss":0.8996814619018744,"_wandb":{"runtime":42},"epoch":10,"val_accuracy":0.1135,"_step":9,"train_loss":0.8997101668560769,"train_accuracy":0.11236666666666667}