{"val_accuracy":0.9729,"_step":4,"epoch":5,"_wandb":{"runtime":25},"val_loss":0.08301970320837175,"train_loss":0.03741730938514502,"train_accuracy":0.9865166666666667,"_timestamp":1.7721395541593516e+09,"_runtime":25}