{"_runtime":11,"train_loss":0.899709943402303,"_wandb":{"runtime":11},"_step":14,"val_accuracy":0.1135,"_timestamp":1.7726967765724804e+09,"epoch":15,"train_accuracy":0.11236666666666667,"val_loss":0.8996841014407267}