{"_step":4,"epoch":5,"val_loss":0.9942840090753565,"_timestamp":1.7721307672460666e+09,"train_accuracy":0.56955,"train_loss":0.9866336752748439,"_wandb":{"runtime":7},"val_accuracy":0.6241,"_runtime":7}