{"train_accuracy":0.11236666666666667,"val_accuracy":0.1135,"epoch":10,"_wandb":{"runtime":32},"_runtime":32,"_step":9,"val_loss":0.8999569206845451,"_timestamp":1.772585623136112e+09,"train_loss":0.8999589942065493}