{"val_loss":0.09983390022482004,"_runtime":17,"epoch":10,"_wandb":{"runtime":17},"_timestamp":1.7725843437402878e+09,"val_accuracy":0.9734,"_step":9,"train_loss":0.01958129070303331,"train_accuracy":0.9894333333333334}