{"_wandb":{"runtime":17},"train_accuracy":0.9267333333333333,"val_accuracy":0.9297,"_runtime":17,"_step":14,"epoch":15,"train_loss":0.11281662994503473,"_timestamp":1.772766402041887e+09,"val_loss":0.11058228306883962}