{"val_accuracy":0.3792,"epoch":15,"train_loss":2.1951912887609284,"_step":14,"train_accuracy":0.34708333333333335,"val_loss":2.1927191658162957,"_wandb":{"runtime":25},"_timestamp":1.7727028301085396e+09,"_runtime":25}