{"epoch":5,"val_loss":0.1979674656975511,"val_accuracy":0.9517,"_step":4,"_wandb":{"runtime":28},"train_loss":0.12186930992489,"train_accuracy":0.9609,"_runtime":28,"_timestamp":1.7721395083673198e+09}