{"val_accuracy":0.9738,"_step":14,"train_accuracy":0.9861166666666666,"_runtime":17,"epoch":15,"train_loss":0.04097374377880643,"val_loss":0.08598182837487954,"_wandb":{"runtime":17},"_timestamp":1.7727385329760797e+09}