{"val_accuracy":0.7703,"_wandb":{"runtime":35},"_runtime":35,"_step":14,"epoch":15,"train_accuracy":0.7885833333333333,"val_loss":0.7620406186229536,"train_loss":0.7563563151456952,"_timestamp":1.7727377518604434e+09}