{"_timestamp":1.7725690415516458e+09,"val_accuracy":0.9576,"train_accuracy":0.9603333333333334,"_wandb":{"runtime":12},"epoch":10,"train_loss":0.12942150719896942,"_step":9,"_runtime":12,"val_loss":0.14651611408477797}