{"val_loss":0.12715368384034206,"_timestamp":1.7727803211549976e+09,"_runtime":19,"train_accuracy":0.9661666666666666,"val_accuracy":0.9634,"train_loss":0.11000822659880666,"_step":14,"_wandb":{"runtime":19},"epoch":15}