{"_timestamp":1.772725580448223e+09,"epoch":15,"val_accuracy":0.1135,"_wandb":{"runtime":60},"val_loss":2.301022331187247,"train_accuracy":0.11236666666666667,"_runtime":60,"train_loss":2.301159462522201,"_step":14}