{"_step":9,"val_loss":2.302303006275626,"_wandb":{"runtime":59},"train_loss":2.302530974018278,"_runtime":59,"_timestamp":1.7725837699539597e+09,"val_accuracy":0.1135,"epoch":10,"train_accuracy":0.11126666666666667}